[0.000000] (-) TimerEvent: {}
[0.000210] (web_video_server) JobQueued: {'identifier': 'web_video_server', 'dependencies': OrderedDict()}
[0.000370] (web_video_server) JobStarted: {'identifier': 'web_video_server'}
[0.006935] (web_video_server) JobProgress: {'identifier': 'web_video_server', 'progress': 'cmake'}
[0.007465] (web_video_server) Command: {'cmd': ['/usr/bin/cmake', '/home/jcfurey/wvs_ws/src/web_video_server', '-DCMAKE_INSTALL_PREFIX=/home/jcfurey/wvs_ws/src/web_video_server/install/web_video_server'], 'cwd': '/home/jcfurey/wvs_ws/src/web_video_server/build/web_video_server', 'env': OrderedDict({'GJS_DEBUG_TOPICS': 'JS ERROR;JS LOG', 'LESSOPEN': '| /usr/bin/lesspipe %s', 'HISTFILESIZE': '2000', 'WARP_HONOR_PS1': '0', 'USER': 'jcfurey', 'GZ_CONFIG_PATH': '/opt/ros/jazzy/opt/gz_sim_vendor/share/gz:/opt/ros/jazzy/opt/sdformat_vendor/share/gz:/opt/ros/jazzy/opt/gz_gui_vendor/share/gz:/opt/ros/jazzy/opt/gz_transport_vendor/share/gz:/opt/ros/jazzy/opt/gz_rendering_vendor/share/gz:/opt/ros/jazzy/opt/gz_plugin_vendor/share/gz:/opt/ros/jazzy/opt/gz_fuel_tools_vendor/share/gz:/opt/ros/jazzy/opt/gz_msgs_vendor/share/gz:/opt/ros/jazzy/opt/gz_common_vendor/share/gz', 'XDG_SESSION_TYPE': 'x11', 'CLUTTER_DISABLE_MIPMAPPED_TEXT': '1', 'SHLVL': '1', 'LD_LIBRARY_PATH': '/opt/ros/jazzy/opt/zenoh_cpp_vendor/lib:/opt/ros/jazzy/opt/gz_sim_vendor/lib:/opt/ros/jazzy/opt/gz_sensors_vendor/lib:/opt/ros/jazzy/opt/gz_physics_vendor/lib:/opt/ros/jazzy/opt/sdformat_vendor/lib:/opt/ros/jazzy/opt/rviz_ogre_vendor/lib:/opt/ros/jazzy/lib/x86_64-linux-gnu:/opt/ros/jazzy/opt/gz_gui_vendor/lib:/opt/ros/jazzy/opt/gz_transport_vendor/lib:/opt/ros/jazzy/opt/gz_rendering_vendor/lib:/opt/ros/jazzy/opt/gz_plugin_vendor/lib:/opt/ros/jazzy/opt/gz_fuel_tools_vendor/lib:/opt/ros/jazzy/opt/gz_msgs_vendor/lib:/opt/ros/jazzy/opt/gz_common_vendor/lib:/opt/ros/jazzy/opt/gz_math_vendor/lib:/opt/ros/jazzy/opt/gz_utils_vendor/lib:/opt/ros/jazzy/opt/gz_tools_vendor/lib:/opt/ros/jazzy/opt/gz_ogre_next_vendor/lib:/opt/ros/jazzy/opt/gz_dartsim_vendor/lib:/opt/ros/jazzy/opt/gz_cmake_vendor/lib:/opt/ros/jazzy/lib', 'HOME': '/home/jcfurey', 'OLDPWD': '/home/jcfurey', 'TERM_PROGRAM_VERSION': 'v0.2025.07.16.08.12.stable_02', 'DESKTOP_SESSION': 'ubuntu', 'WARP_USE_SSH_WRAPPER': '1', 'GIO_LAUNCHED_DESKTOP_FILE': '/usr/share/applications/dev.warp.Warp.desktop', 'ROS_PYTHON_VERSION': '3', 'GNOME_SHELL_SESSION_MODE': 'ubuntu', 'GTK_MODULES': 'gail:atk-bridge', 'PS1': '', 'MANAGERPID': '2763', 'SYSTEMD_EXEC_PID': '3189', 'GSM_SKIP_SSH_AGENT_WORKAROUND': 'true', 'DBUS_SESSION_BUS_ADDRESS': 'unix:path=/run/user/1000/bus', 'COLORTERM': 'truecolor', 'GIO_LAUNCHED_DESKTOP_FILE_PID': '25493', 'DEBUGINFOD_URLS': 'https://debuginfod.ubuntu.com', 'ROS_DISTRO': 'jazzy', 'LOGNAME': 'jcfurey', 'JOURNAL_STREAM': '9:36542', '_': '/usr/bin/colcon', 'ROS_VERSION': '2', 'MEMORY_PRESSURE_WATCH': '/sys/fs/cgroup/user.slice/user-1000.slice/user@1000.service/session.slice/org.gnome.Shell@x11.service/memory.pressure', 'XDG_SESSION_CLASS': 'user', 'USERNAME': 'jcfurey', 'SSH_SOCKET_DIR': '~/.ssh', 'TERM': 'xterm-256color', 'GNOME_DESKTOP_SESSION_ID': 'this-is-deprecated', 'WARP_IS_LOCAL_SHELL_SESSION': '1', 'WINDOWPATH': '2', 'PATH': '/opt/ros/jazzy/opt/gz_msgs_vendor/bin:/opt/ros/jazzy/opt/gz_tools_vendor/bin:/opt/ros/jazzy/opt/gz_ogre_next_vendor/bin:/opt/ros/jazzy/bin:/usr/lib/ccache:/home/jcfurey/stonefish_ws/src/ardupilot/Tools/autotest:/opt/gcc-arm-none-eabi-10-2020-q4-major/bin:/home/jcfurey/venv-ardupilot/bin:/usr/local/sbin:/usr/local/bin:/usr/sbin:/usr/bin:/sbin:/bin:/usr/games:/usr/local/games:/snap/bin:/snap/bin', 'SESSION_MANAGER': 'local/jcfurey-devDesktop:@/tmp/.ICE-unix/3138,unix/jcfurey-devDesktop:/tmp/.ICE-unix/3138', 'INVOCATION_ID': '0a6d1aa253104c3cbe67c1ca2b3e5a31', 'XDG_MENU_PREFIX': 'gnome-', 'XDG_RUNTIME_DIR': '/run/user/1000', 'DISPLAY': ':1', 'LANG': 'en_US.UTF-8', 'XDG_CURRENT_DESKTOP': 'ubuntu:GNOME', 'ARENA_ROOT': '/home/jcfurey/ArenaSDK_Linux_x64', 'XMODIFIERS': '@im=ibus', 'XDG_SESSION_DESKTOP': 'ubuntu', 'XAUTHORITY': '/run/user/1000/gdm/Xauthority', 'LS_COLORS': 'rs=0:di=01;34:ln=01;36:mh=00:pi=40;33:so=01;35:do=01;35:bd=40;33;01:cd=40;33;01:or=40;31;01:mi=00:su=37;41:sg=30;43:ca=00:tw=30;42:ow=34;42:st=37;44:ex=01;32:*.tar=01;31:*.tgz=01;31:*.arc=01;31:*.arj=01;31:*.taz=01;31:*.lha=01;31:*.lz4=01;31:*.lzh=01;31:*.lzma=01;31:*.tlz=01;31:*.txz=01;31:*.tzo=01;31:*.t7z=01;31:*.zip=01;31:*.z=01;31:*.dz=01;31:*.gz=01;31:*.lrz=01;31:*.lz=01;31:*.lzo=01;31:*.xz=01;31:*.zst=01;31:*.tzst=01;31:*.bz2=01;31:*.bz=01;31:*.tbz=01;31:*.tbz2=01;31:*.tz=01;31:*.deb=01;31:*.rpm=01;31:*.jar=01;31:*.war=01;31:*.ear=01;31:*.sar=01;31:*.rar=01;31:*.alz=01;31:*.ace=01;31:*.zoo=01;31:*.cpio=01;31:*.7z=01;31:*.rz=01;31:*.cab=01;31:*.wim=01;31:*.swm=01;31:*.dwm=01;31:*.esd=01;31:*.avif=01;35:*.jpg=01;35:*.jpeg=01;35:*.mjpg=01;35:*.mjpeg=01;35:*.gif=01;35:*.bmp=01;35:*.pbm=01;35:*.pgm=01;35:*.ppm=01;35:*.tga=01;35:*.xbm=01;35:*.xpm=01;35:*.tif=01;35:*.tiff=01;35:*.png=01;35:*.svg=01;35:*.svgz=01;35:*.mng=01;35:*.pcx=01;35:*.mov=01;35:*.mpg=01;35:*.mpeg=01;35:*.m2v=01;35:*.mkv=01;35:*.webm=01;35:*.webp=01;35:*.ogm=01;35:*.mp4=01;35:*.m4v=01;35:*.mp4v=01;35:*.vob=01;35:*.qt=01;35:*.nuv=01;35:*.wmv=01;35:*.asf=01;35:*.rm=01;35:*.rmvb=01;35:*.flc=01;35:*.avi=01;35:*.fli=01;35:*.flv=01;35:*.gl=01;35:*.dl=01;35:*.xcf=01;35:*.xwd=01;35:*.yuv=01;35:*.cgm=01;35:*.emf=01;35:*.ogv=01;35:*.ogx=01;35:*.aac=00;36:*.au=00;36:*.flac=00;36:*.m4a=00;36:*.mid=00;36:*.midi=00;36:*.mka=00;36:*.mp3=00;36:*.mpc=00;36:*.ogg=00;36:*.ra=00;36:*.wav=00;36:*.oga=00;36:*.opus=00;36:*.spx=00;36:*.xspf=00;36:*~=00;90:*#=00;90:*.bak=00;90:*.crdownload=00;90:*.dpkg-dist=00;90:*.dpkg-new=00;90:*.dpkg-old=00;90:*.dpkg-tmp=00;90:*.old=00;90:*.orig=00;90:*.part=00;90:*.rej=00;90:*.rpmnew=00;90:*.rpmorig=00;90:*.rpmsave=00;90:*.swp=00;90:*.tmp=00;90:*.ucf-dist=00;90:*.ucf-new=00;90:*.ucf-old=00;90:', 'TERM_PROGRAM': 'WarpTerminal', 'SSH_AUTH_SOCK': '/run/user/1000/keyring/ssh', 'AMENT_PREFIX_PATH': '/opt/ros/jazzy', 'SHELL': '/bin/bash', 'QT_ACCESSIBILITY': '1', 'GDMSESSION': 'ubuntu', 'LESSCLOSE': '/usr/bin/lesspipe %s %s', 'IGN_GAZEBO_RESOURCE_PATH': '/opt/ros/jazzy/share', 'GPG_AGENT_INFO': '/run/user/1000/gnupg/S.gpg-agent:0:1', 'GJS_DEBUG_OUTPUT': 'stderr', 'ROS_AUTOMATIC_DISCOVERY_RANGE': 'SUBNET', 'QT_IM_MODULE': 'ibus', 'PWD': '/home/jcfurey/wvs_ws/src/web_video_server/build/web_video_server', 'LC_ALL': 'en_US.UTF-8', 'XDG_CONFIG_DIRS': '/etc/xdg/xdg-ubuntu:/etc/xdg', 'XDG_DATA_DIRS': '/usr/share/ubuntu:/usr/share/gnome:/usr/local/share/:/usr/share/:/var/lib/snapd/desktop', 'PYTHONPATH': '/opt/ros/jazzy/lib/python3.12/site-packages', 'COLCON': '1', 'MEMORY_PRESSURE_WRITE': 'c29tZSAyMDAwMDAgMjAwMDAwMAA=', 'CMAKE_PREFIX_PATH': '/opt/ros/jazzy/opt/gz_sim_vendor:/opt/ros/jazzy/opt/gz_sensors_vendor:/opt/ros/jazzy/opt/gz_physics_vendor:/opt/ros/jazzy/opt/sdformat_vendor:/opt/ros/jazzy/opt/gz_gui_vendor:/opt/ros/jazzy/opt/gz_transport_vendor:/opt/ros/jazzy/opt/gz_rendering_vendor:/opt/ros/jazzy/opt/gz_plugin_vendor:/opt/ros/jazzy/opt/gz_fuel_tools_vendor:/opt/ros/jazzy/opt/gz_msgs_vendor:/opt/ros/jazzy/opt/gz_common_vendor:/opt/ros/jazzy/opt/gz_math_vendor:/opt/ros/jazzy/opt/gz_utils_vendor:/opt/ros/jazzy/opt/gz_tools_vendor:/opt/ros/jazzy/opt/gz_ogre_next_vendor:/opt/ros/jazzy/opt/gz_dartsim_vendor:/opt/ros/jazzy/opt/gz_cmake_vendor:/opt/ros/jazzy'}), 'shell': False}
[0.085910] (web_video_server) StdoutLine: {'line': b'-- The C compiler identification is GNU 13.3.0\n'}
[0.099816] (-) TimerEvent: {}
[0.145478] (web_video_server) StdoutLine: {'line': b'-- The CXX compiler identification is GNU 13.3.0\n'}
[0.168995] (web_video_server) StdoutLine: {'line': b'-- Detecting C compiler ABI info\n'}
[0.199899] (-) TimerEvent: {}
[0.252179] (web_video_server) StdoutLine: {'line': b'-- Detecting C compiler ABI info - done\n'}
[0.261491] (web_video_server) StdoutLine: {'line': b'-- Check for working C compiler: /usr/lib/ccache/cc - skipped\n'}
[0.261846] (web_video_server) StdoutLine: {'line': b'-- Detecting C compile features\n'}
[0.262302] (web_video_server) StdoutLine: {'line': b'-- Detecting C compile features - done\n'}
[0.273885] (web_video_server) StdoutLine: {'line': b'-- Detecting CXX compiler ABI info\n'}
[0.299990] (-) TimerEvent: {}
[0.365705] (web_video_server) StdoutLine: {'line': b'-- Detecting CXX compiler ABI info - done\n'}
[0.375596] (web_video_server) StdoutLine: {'line': b'-- Check for working CXX compiler: /usr/lib/ccache/c++ - skipped\n'}
[0.375846] (web_video_server) StdoutLine: {'line': b'-- Detecting CXX compile features\n'}
[0.376266] (web_video_server) StdoutLine: {'line': b'-- Detecting CXX compile features - done\n'}
[0.382830] (web_video_server) StdoutLine: {'line': b'-- Found ament_cmake_ros: 0.12.0 (/opt/ros/jazzy/share/ament_cmake_ros/cmake)\n'}
[0.400054] (-) TimerEvent: {}
[0.500203] (-) TimerEvent: {}
[0.543975] (web_video_server) StdoutLine: {'line': b'-- Found Python3: /home/jcfurey/venv-ardupilot/bin/python3 (found version "3.12.3") found components: Interpreter \n'}
[0.600280] (-) TimerEvent: {}
[0.666908] (web_video_server) StdoutLine: {'line': b'-- Found async_web_server_cpp: 2.0.0 (/opt/ros/jazzy/share/async_web_server_cpp/cmake)\n'}
[0.700378] (-) TimerEvent: {}
[0.800608] (-) TimerEvent: {}
[0.812093] (web_video_server) StdoutLine: {'line': b'-- Found Boost: /usr/lib/x86_64-linux-gnu/cmake/Boost-1.83.0/BoostConfig.cmake (found suitable version "1.83.0", minimum required is "1.83.0") found components: filesystem regex thread \n'}
[0.817654] (web_video_server) StdoutLine: {'line': b'-- Found cv_bridge: 4.1.0 (/opt/ros/jazzy/share/cv_bridge/cmake)\n'}
[0.892296] (web_video_server) StdoutLine: {'line': b'-- Found rosidl_generator_c: 4.6.5 (/opt/ros/jazzy/share/rosidl_generator_c/cmake)\n'}
[0.900667] (-) TimerEvent: {}
[0.911896] (web_video_server) StdoutLine: {'line': b'-- Found rosidl_generator_cpp: 4.6.5 (/opt/ros/jazzy/share/rosidl_generator_cpp/cmake)\n'}
[0.934989] (web_video_server) StdoutLine: {'line': b'-- Using all available rosidl_typesupport_c: rosidl_typesupport_fastrtps_c;rosidl_typesupport_introspection_c\n'}
[0.959902] (web_video_server) StdoutLine: {'line': b'-- Using all available rosidl_typesupport_cpp: rosidl_typesupport_fastrtps_cpp;rosidl_typesupport_introspection_cpp\n'}
[1.000731] (-) TimerEvent: {}
[1.100891] (-) TimerEvent: {}
[1.127171] (web_video_server) StdoutLine: {'line': b'-- Found rmw_implementation_cmake: 7.3.2 (/opt/ros/jazzy/share/rmw_implementation_cmake/cmake)\n'}
[1.132715] (web_video_server) StdoutLine: {'line': b'-- Found rmw_fastrtps_cpp: 8.4.2 (/opt/ros/jazzy/share/rmw_fastrtps_cpp/cmake)\n'}
[1.200970] (-) TimerEvent: {}
[1.244722] (web_video_server) StdoutLine: {'line': b'-- Found OpenSSL: /usr/lib/x86_64-linux-gnu/libcrypto.so (found version "3.0.13")  \n'}
[1.267505] (web_video_server) StdoutLine: {'line': b'-- Found FastRTPS: /opt/ros/jazzy/include (Required is at least version "2.13") \n'}
[1.290159] (web_video_server) StdoutLine: {'line': b"-- Using RMW implementation 'rmw_fastrtps_cpp' as default\n"}
[1.301062] (-) TimerEvent: {}
[1.375188] (web_video_server) StdoutLine: {'line': b'-- Found image_transport: 5.1.7 (/opt/ros/jazzy/share/image_transport/cmake)\n'}
[1.401156] (-) TimerEvent: {}
[1.413736] (web_video_server) StdoutLine: {'line': b'-- Found rclcpp_components: 28.1.10 (/opt/ros/jazzy/share/rclcpp_components/cmake)\n'}
[1.446065] (web_video_server) StdoutLine: {'line': b'-- Found tf2: 0.36.12 (/opt/ros/jazzy/share/tf2/cmake)\n'}
[1.453124] (web_video_server) StdoutLine: {'line': b'-- Found tf2_ros: 0.36.12 (/opt/ros/jazzy/share/tf2_ros/cmake)\n'}
[1.501244] (-) TimerEvent: {}
[1.550361] (web_video_server) StdoutLine: {'line': b'-- Found tf2_sensor_msgs: 0.36.12 (/opt/ros/jazzy/share/tf2_sensor_msgs/cmake)\n'}
[1.567107] (web_video_server) StdoutLine: {'line': b'-- Found tf2_geometry_msgs: 0.36.12 (/opt/ros/jazzy/share/tf2_geometry_msgs/cmake)\n'}
[1.582746] (web_video_server) StdoutLine: {'line': b'-- Found eigen3_cmake_module: 0.3.0 (/opt/ros/jazzy/share/eigen3_cmake_module/cmake)\n'}
[1.583959] (web_video_server) StdoutLine: {'line': b'-- Found Eigen3: TRUE (found version "3.4.0") \n'}
[1.584079] (web_video_server) StdoutLine: {'line': b'-- Ensuring Eigen3 include directory is part of orocos-kdl CMake target\n'}
[1.589437] (web_video_server) StdoutLine: {'line': b'-- Found OpenCV: /usr (found version "4.6.0") \n'}
[1.596665] (web_video_server) StdoutLine: {'line': b'-- Found Boost: /usr/lib/x86_64-linux-gnu/cmake/Boost-1.83.0/BoostConfig.cmake (found version "1.83.0") found components: system \n'}
[1.598262] (web_video_server) StdoutLine: {'line': b'-- Found Threads: TRUE  \n'}
[1.601310] (-) TimerEvent: {}
[1.602717] (web_video_server) StdoutLine: {'line': b'-- Found PkgConfig: /usr/bin/pkg-config (found version "1.8.1") \n'}
[1.603527] (web_video_server) StdoutLine: {'line': b"-- Checking for module 'libavcodec'\n"}
[1.622773] (web_video_server) StdoutLine: {'line': b'--   Found libavcodec, version 60.31.102\n'}
[1.666317] (web_video_server) StdoutLine: {'line': b"-- Checking for module 'libavformat'\n"}
[1.684027] (web_video_server) StdoutLine: {'line': b'--   Found libavformat, version 60.16.100\n'}
[1.701379] (-) TimerEvent: {}
[1.729129] (web_video_server) StdoutLine: {'line': b"-- Checking for module 'libavutil'\n"}
[1.746275] (web_video_server) StdoutLine: {'line': b'--   Found libavutil, version 58.29.100\n'}
[1.786323] (web_video_server) StdoutLine: {'line': b"-- Checking for module 'libswscale'\n"}
[1.801454] (-) TimerEvent: {}
[1.803598] (web_video_server) StdoutLine: {'line': b'--   Found libswscale, version 7.5.100\n'}
[1.851189] (web_video_server) StdoutLine: {'line': b'-- Found ament_lint_auto: 0.17.2 (/opt/ros/jazzy/share/ament_lint_auto/cmake)\n'}
[1.901526] (-) TimerEvent: {}
[1.953395] (web_video_server) StdoutLine: {'line': b"-- Added test 'copyright' to check source files copyright and LICENSE\n"}
[2.001594] (-) TimerEvent: {}
[2.002244] (web_video_server) StdoutLine: {'line': b"-- Added test 'cpplint' to check C / C++ code against the Google style\n"}
[2.002382] (web_video_server) StdoutLine: {'line': b'-- Configured cpplint exclude dirs and/or files: \n'}
[2.015244] (web_video_server) StdoutLine: {'line': b"-- Added test 'lint_cmake' to check CMake code style\n"}
[2.022062] (web_video_server) StdoutLine: {'line': b"-- Added test 'xmllint' to check XML markup files\n"}
[2.071165] (web_video_server) StdoutLine: {'line': b"-- Added test 'uncrustify' to check C / C++ code style\n"}
[2.071283] (web_video_server) StdoutLine: {'line': b'-- Configured uncrustify additional arguments: \n'}
[2.074438] (web_video_server) StdoutLine: {'line': b'-- Configuring done (2.1s)\n'}
[2.101693] (-) TimerEvent: {}
[2.107138] (web_video_server) StdoutLine: {'line': b'-- Generating done (0.0s)\n'}
[2.114542] (web_video_server) StdoutLine: {'line': b'-- Build files have been written to: /home/jcfurey/wvs_ws/src/web_video_server/build/web_video_server\n'}
[2.126116] (web_video_server) CommandEnded: {'returncode': 0}
[2.126731] (web_video_server) JobProgress: {'identifier': 'web_video_server', 'progress': 'build'}
[2.127373] (web_video_server) Command: {'cmd': ['/usr/bin/cmake', '--build', '/home/jcfurey/wvs_ws/src/web_video_server/build/web_video_server', '--', '-j32', '-l32'], 'cwd': '/home/jcfurey/wvs_ws/src/web_video_server/build/web_video_server', 'env': OrderedDict({'GJS_DEBUG_TOPICS': 'JS ERROR;JS LOG', 'LESSOPEN': '| /usr/bin/lesspipe %s', 'HISTFILESIZE': '2000', 'WARP_HONOR_PS1': '0', 'USER': 'jcfurey', 'GZ_CONFIG_PATH': '/opt/ros/jazzy/opt/gz_sim_vendor/share/gz:/opt/ros/jazzy/opt/sdformat_vendor/share/gz:/opt/ros/jazzy/opt/gz_gui_vendor/share/gz:/opt/ros/jazzy/opt/gz_transport_vendor/share/gz:/opt/ros/jazzy/opt/gz_rendering_vendor/share/gz:/opt/ros/jazzy/opt/gz_plugin_vendor/share/gz:/opt/ros/jazzy/opt/gz_fuel_tools_vendor/share/gz:/opt/ros/jazzy/opt/gz_msgs_vendor/share/gz:/opt/ros/jazzy/opt/gz_common_vendor/share/gz', 'XDG_SESSION_TYPE': 'x11', 'CLUTTER_DISABLE_MIPMAPPED_TEXT': '1', 'SHLVL': '1', 'LD_LIBRARY_PATH': '/opt/ros/jazzy/opt/zenoh_cpp_vendor/lib:/opt/ros/jazzy/opt/gz_sim_vendor/lib:/opt/ros/jazzy/opt/gz_sensors_vendor/lib:/opt/ros/jazzy/opt/gz_physics_vendor/lib:/opt/ros/jazzy/opt/sdformat_vendor/lib:/opt/ros/jazzy/opt/rviz_ogre_vendor/lib:/opt/ros/jazzy/lib/x86_64-linux-gnu:/opt/ros/jazzy/opt/gz_gui_vendor/lib:/opt/ros/jazzy/opt/gz_transport_vendor/lib:/opt/ros/jazzy/opt/gz_rendering_vendor/lib:/opt/ros/jazzy/opt/gz_plugin_vendor/lib:/opt/ros/jazzy/opt/gz_fuel_tools_vendor/lib:/opt/ros/jazzy/opt/gz_msgs_vendor/lib:/opt/ros/jazzy/opt/gz_common_vendor/lib:/opt/ros/jazzy/opt/gz_math_vendor/lib:/opt/ros/jazzy/opt/gz_utils_vendor/lib:/opt/ros/jazzy/opt/gz_tools_vendor/lib:/opt/ros/jazzy/opt/gz_ogre_next_vendor/lib:/opt/ros/jazzy/opt/gz_dartsim_vendor/lib:/opt/ros/jazzy/opt/gz_cmake_vendor/lib:/opt/ros/jazzy/lib', 'HOME': '/home/jcfurey', 'OLDPWD': '/home/jcfurey', 'TERM_PROGRAM_VERSION': 'v0.2025.07.16.08.12.stable_02', 'DESKTOP_SESSION': 'ubuntu', 'WARP_USE_SSH_WRAPPER': '1', 'GIO_LAUNCHED_DESKTOP_FILE': '/usr/share/applications/dev.warp.Warp.desktop', 'ROS_PYTHON_VERSION': '3', 'GNOME_SHELL_SESSION_MODE': 'ubuntu', 'GTK_MODULES': 'gail:atk-bridge', 'PS1': '', 'MANAGERPID': '2763', 'SYSTEMD_EXEC_PID': '3189', 'GSM_SKIP_SSH_AGENT_WORKAROUND': 'true', 'DBUS_SESSION_BUS_ADDRESS': 'unix:path=/run/user/1000/bus', 'COLORTERM': 'truecolor', 'GIO_LAUNCHED_DESKTOP_FILE_PID': '25493', 'DEBUGINFOD_URLS': 'https://debuginfod.ubuntu.com', 'ROS_DISTRO': 'jazzy', 'LOGNAME': 'jcfurey', 'JOURNAL_STREAM': '9:36542', '_': '/usr/bin/colcon', 'ROS_VERSION': '2', 'MEMORY_PRESSURE_WATCH': '/sys/fs/cgroup/user.slice/user-1000.slice/user@1000.service/session.slice/org.gnome.Shell@x11.service/memory.pressure', 'XDG_SESSION_CLASS': 'user', 'USERNAME': 'jcfurey', 'SSH_SOCKET_DIR': '~/.ssh', 'TERM': 'xterm-256color', 'GNOME_DESKTOP_SESSION_ID': 'this-is-deprecated', 'WARP_IS_LOCAL_SHELL_SESSION': '1', 'WINDOWPATH': '2', 'PATH': '/opt/ros/jazzy/opt/gz_msgs_vendor/bin:/opt/ros/jazzy/opt/gz_tools_vendor/bin:/opt/ros/jazzy/opt/gz_ogre_next_vendor/bin:/opt/ros/jazzy/bin:/usr/lib/ccache:/home/jcfurey/stonefish_ws/src/ardupilot/Tools/autotest:/opt/gcc-arm-none-eabi-10-2020-q4-major/bin:/home/jcfurey/venv-ardupilot/bin:/usr/local/sbin:/usr/local/bin:/usr/sbin:/usr/bin:/sbin:/bin:/usr/games:/usr/local/games:/snap/bin:/snap/bin', 'SESSION_MANAGER': 'local/jcfurey-devDesktop:@/tmp/.ICE-unix/3138,unix/jcfurey-devDesktop:/tmp/.ICE-unix/3138', 'INVOCATION_ID': '0a6d1aa253104c3cbe67c1ca2b3e5a31', 'XDG_MENU_PREFIX': 'gnome-', 'XDG_RUNTIME_DIR': '/run/user/1000', 'DISPLAY': ':1', 'LANG': 'en_US.UTF-8', 'XDG_CURRENT_DESKTOP': 'ubuntu:GNOME', 'ARENA_ROOT': '/home/jcfurey/ArenaSDK_Linux_x64', 'XMODIFIERS': '@im=ibus', 'XDG_SESSION_DESKTOP': 'ubuntu', 'XAUTHORITY': '/run/user/1000/gdm/Xauthority', 'LS_COLORS': 'rs=0:di=01;34:ln=01;36:mh=00:pi=40;33:so=01;35:do=01;35:bd=40;33;01:cd=40;33;01:or=40;31;01:mi=00:su=37;41:sg=30;43:ca=00:tw=30;42:ow=34;42:st=37;44:ex=01;32:*.tar=01;31:*.tgz=01;31:*.arc=01;31:*.arj=01;31:*.taz=01;31:*.lha=01;31:*.lz4=01;31:*.lzh=01;31:*.lzma=01;31:*.tlz=01;31:*.txz=01;31:*.tzo=01;31:*.t7z=01;31:*.zip=01;31:*.z=01;31:*.dz=01;31:*.gz=01;31:*.lrz=01;31:*.lz=01;31:*.lzo=01;31:*.xz=01;31:*.zst=01;31:*.tzst=01;31:*.bz2=01;31:*.bz=01;31:*.tbz=01;31:*.tbz2=01;31:*.tz=01;31:*.deb=01;31:*.rpm=01;31:*.jar=01;31:*.war=01;31:*.ear=01;31:*.sar=01;31:*.rar=01;31:*.alz=01;31:*.ace=01;31:*.zoo=01;31:*.cpio=01;31:*.7z=01;31:*.rz=01;31:*.cab=01;31:*.wim=01;31:*.swm=01;31:*.dwm=01;31:*.esd=01;31:*.avif=01;35:*.jpg=01;35:*.jpeg=01;35:*.mjpg=01;35:*.mjpeg=01;35:*.gif=01;35:*.bmp=01;35:*.pbm=01;35:*.pgm=01;35:*.ppm=01;35:*.tga=01;35:*.xbm=01;35:*.xpm=01;35:*.tif=01;35:*.tiff=01;35:*.png=01;35:*.svg=01;35:*.svgz=01;35:*.mng=01;35:*.pcx=01;35:*.mov=01;35:*.mpg=01;35:*.mpeg=01;35:*.m2v=01;35:*.mkv=01;35:*.webm=01;35:*.webp=01;35:*.ogm=01;35:*.mp4=01;35:*.m4v=01;35:*.mp4v=01;35:*.vob=01;35:*.qt=01;35:*.nuv=01;35:*.wmv=01;35:*.asf=01;35:*.rm=01;35:*.rmvb=01;35:*.flc=01;35:*.avi=01;35:*.fli=01;35:*.flv=01;35:*.gl=01;35:*.dl=01;35:*.xcf=01;35:*.xwd=01;35:*.yuv=01;35:*.cgm=01;35:*.emf=01;35:*.ogv=01;35:*.ogx=01;35:*.aac=00;36:*.au=00;36:*.flac=00;36:*.m4a=00;36:*.mid=00;36:*.midi=00;36:*.mka=00;36:*.mp3=00;36:*.mpc=00;36:*.ogg=00;36:*.ra=00;36:*.wav=00;36:*.oga=00;36:*.opus=00;36:*.spx=00;36:*.xspf=00;36:*~=00;90:*#=00;90:*.bak=00;90:*.crdownload=00;90:*.dpkg-dist=00;90:*.dpkg-new=00;90:*.dpkg-old=00;90:*.dpkg-tmp=00;90:*.old=00;90:*.orig=00;90:*.part=00;90:*.rej=00;90:*.rpmnew=00;90:*.rpmorig=00;90:*.rpmsave=00;90:*.swp=00;90:*.tmp=00;90:*.ucf-dist=00;90:*.ucf-new=00;90:*.ucf-old=00;90:', 'TERM_PROGRAM': 'WarpTerminal', 'SSH_AUTH_SOCK': '/run/user/1000/keyring/ssh', 'AMENT_PREFIX_PATH': '/opt/ros/jazzy', 'SHELL': '/bin/bash', 'QT_ACCESSIBILITY': '1', 'GDMSESSION': 'ubuntu', 'LESSCLOSE': '/usr/bin/lesspipe %s %s', 'IGN_GAZEBO_RESOURCE_PATH': '/opt/ros/jazzy/share', 'GPG_AGENT_INFO': '/run/user/1000/gnupg/S.gpg-agent:0:1', 'GJS_DEBUG_OUTPUT': 'stderr', 'ROS_AUTOMATIC_DISCOVERY_RANGE': 'SUBNET', 'QT_IM_MODULE': 'ibus', 'PWD': '/home/jcfurey/wvs_ws/src/web_video_server/build/web_video_server', 'LC_ALL': 'en_US.UTF-8', 'XDG_CONFIG_DIRS': '/etc/xdg/xdg-ubuntu:/etc/xdg', 'XDG_DATA_DIRS': '/usr/share/ubuntu:/usr/share/gnome:/usr/local/share/:/usr/share/:/var/lib/snapd/desktop', 'PYTHONPATH': '/opt/ros/jazzy/lib/python3.12/site-packages', 'COLCON': '1', 'MEMORY_PRESSURE_WRITE': 'c29tZSAyMDAwMDAgMjAwMDAwMAA=', 'CMAKE_PREFIX_PATH': '/opt/ros/jazzy/opt/gz_sim_vendor:/opt/ros/jazzy/opt/gz_sensors_vendor:/opt/ros/jazzy/opt/gz_physics_vendor:/opt/ros/jazzy/opt/sdformat_vendor:/opt/ros/jazzy/opt/gz_gui_vendor:/opt/ros/jazzy/opt/gz_transport_vendor:/opt/ros/jazzy/opt/gz_rendering_vendor:/opt/ros/jazzy/opt/gz_plugin_vendor:/opt/ros/jazzy/opt/gz_fuel_tools_vendor:/opt/ros/jazzy/opt/gz_msgs_vendor:/opt/ros/jazzy/opt/gz_common_vendor:/opt/ros/jazzy/opt/gz_math_vendor:/opt/ros/jazzy/opt/gz_utils_vendor:/opt/ros/jazzy/opt/gz_tools_vendor:/opt/ros/jazzy/opt/gz_ogre_next_vendor:/opt/ros/jazzy/opt/gz_dartsim_vendor:/opt/ros/jazzy/opt/gz_cmake_vendor:/opt/ros/jazzy'}), 'shell': False}
[2.184846] (web_video_server) StdoutLine: {'line': b'[ 16%] \x1b[32mBuilding CXX object CMakeFiles/web_video_server.dir/src/h264_streamer.cpp.o\x1b[0m\n'}
[2.185126] (web_video_server) StdoutLine: {'line': b'[ 16%] \x1b[32mBuilding CXX object CMakeFiles/web_video_server.dir/src/web_video_server.cpp.o\x1b[0m\n'}
[2.185264] (web_video_server) StdoutLine: {'line': b'[ 16%] \x1b[32mBuilding CXX object CMakeFiles/web_video_server.dir/src/vp9_streamer.cpp.o\x1b[0m\n'}
[2.185403] (web_video_server) StdoutLine: {'line': b'[ 38%] \x1b[32mBuilding CXX object CMakeFiles/web_video_server.dir/src/multipart_stream.cpp.o\x1b[0m\n'}
[2.185568] (web_video_server) StdoutLine: {'line': b'[ 38%] \x1b[32mBuilding CXX object CMakeFiles/web_video_server.dir/src/libav_streamer.cpp.o\x1b[0m\n'}
[2.185710] (web_video_server) StdoutLine: {'line': b'[ 38%] \x1b[32mBuilding CXX object CMakeFiles/web_video_server.dir/src/vp8_streamer.cpp.o\x1b[0m\n'}
[2.185823] (web_video_server) StdoutLine: {'line': b'[ 38%] \x1b[32mBuilding CXX object CMakeFiles/web_video_server.dir/src/ros_compressed_streamer.cpp.o\x1b[0m\n'}
[2.185935] (web_video_server) StdoutLine: {'line': b'[ 55%] \x1b[32mBuilding CXX object CMakeFiles/web_video_server.dir/src/image_streamer.cpp.o\x1b[0m\n'}
[2.186105] (web_video_server) StdoutLine: {'line': b'[ 55%] \x1b[32mBuilding CXX object CMakeFiles/web_video_server.dir/src/png_streamers.cpp.o\x1b[0m\n'}
[2.186242] (web_video_server) StdoutLine: {'line': b'[ 55%] \x1b[32mBuilding CXX object CMakeFiles/web_video_server.dir/src/jpeg_streamers.cpp.o\x1b[0m\n'}
[2.186360] (web_video_server) StdoutLine: {'line': b'[ 66%] \x1b[32mBuilding CXX object CMakeFiles/web_video_server.dir/src/rtsp_streamer.cpp.o\x1b[0m\n'}
[2.186465] (web_video_server) StdoutLine: {'line': b'[ 66%] \x1b[32mBuilding CXX object CMakeFiles/web_video_server.dir/src/subscribers/ros_subscriber.cpp.o\x1b[0m\n'}
[2.186598] (web_video_server) StdoutLine: {'line': b'[ 72%] \x1b[32mBuilding CXX object CMakeFiles/web_video_server.dir/src/utils.cpp.o\x1b[0m\n'}
[2.186713] (web_video_server) StdoutLine: {'line': b'[ 77%] \x1b[32mBuilding CXX object CMakeFiles/web_video_server.dir/src/subscribers/pointcloud2_subscriber.cpp.o\x1b[0m\n'}
[2.186830] (web_video_server) StdoutLine: {'line': b'[ 83%] \x1b[32mBuilding CXX object CMakeFiles/web_video_server.dir/src/subscribers/image_transport_subscriber.cpp.o\x1b[0m\n'}
[2.201808] (-) TimerEvent: {}
[2.206345] (web_video_server) StderrLine: {'line': b'In file included from \x1b[01m\x1b[K/home/jcfurey/wvs_ws/src/web_video_server/include/web_video_server/subscribers/pointcloud2_subscriber.hpp:18\x1b[m\x1b[K,\n'}
[2.206874] (web_video_server) StderrLine: {'line': b'                 from \x1b[01m\x1b[K/home/jcfurey/wvs_ws/src/web_video_server/include/web_video_server/image_streamer.hpp:44\x1b[m\x1b[K,\n'}
[2.207106] (web_video_server) StderrLine: {'line': b'                 from \x1b[01m\x1b[K/home/jcfurey/wvs_ws/src/web_video_server/include/web_video_server/libav_streamer.hpp:50\x1b[m\x1b[K,\n'}
[2.207204] (web_video_server) StderrLine: {'line': b'                 from \x1b[01m\x1b[K/home/jcfurey/wvs_ws/src/web_video_server/include/web_video_server/h264_streamer.hpp:36\x1b[m\x1b[K,\n'}
[2.207283] (web_video_server) StderrLine: {'line': b'                 from \x1b[01m\x1b[K/home/jcfurey/wvs_ws/src/web_video_server/src/h264_streamer.cpp:30\x1b[m\x1b[K:\n'}
[2.207386] (web_video_server) StderrLine: {'line': b'\x1b[01m\x1b[K/home/jcfurey/wvs_ws/src/web_video_server/include/web_video_server/subscribers/ros_subscriber.hpp:16:70:\x1b[m\x1b[K \x1b[01;35m\x1b[Kwarning: \x1b[m\x1b[K\xe2\x80\x98\x1b[01m\x1b[Ksensor_msgs::msg::Image_<std::allocator<void> >::ConstPtr\x1b[m\x1b[K\xe2\x80\x99 is deprecated [\x1b[01;35m\x1b[K-Wdeprecated-declarations\x1b[m\x1b[K]\n'}
[2.207518] (web_video_server) StderrLine: {'line': b'   16 |   typedef std::function<void(const sensor_msgs::msg::Image::ConstPtr&\x1b[01;35m\x1b[K)\x1b[m\x1b[K> ImageCallback;\n'}
[2.207620] (web_video_server) StderrLine: {'line': b'      |                                                                      \x1b[01;35m\x1b[K^\x1b[m\x1b[K\n'}
[2.207712] (web_video_server) StderrLine: {'line': b'In file included from \x1b[01m\x1b[K/opt/ros/jazzy/include/sensor_msgs/sensor_msgs/msg/image.hpp:7\x1b[m\x1b[K,\n'}
[2.207804] (web_video_server) StderrLine: {'line': b'                 from \x1b[01m\x1b[K/opt/ros/jazzy/include/image_transport/image_transport/camera_publisher.hpp:38\x1b[m\x1b[K,\n'}
[2.207910] (web_video_server) StderrLine: {'line': b'                 from \x1b[01m\x1b[K/opt/ros/jazzy/include/image_transport/image_transport/image_transport.hpp:39\x1b[m\x1b[K,\n'}
[2.208031] (web_video_server) StderrLine: {'line': b'                 from \x1b[01m\x1b[K/home/jcfurey/wvs_ws/src/web_video_server/include/web_video_server/h264_streamer.hpp:35\x1b[m\x1b[K:\n'}
[2.208124] (web_video_server) StderrLine: {'line': b'\x1b[01m\x1b[K/opt/ros/jazzy/include/sensor_msgs/sensor_msgs/msg/detail/image__struct.hpp:176:5:\x1b[m\x1b[K \x1b[01;36m\x1b[Knote: \x1b[m\x1b[Kdeclared here\n'}
[2.208214] (web_video_server) StderrLine: {'line': b'  176 |     \x1b[01;36m\x1b[KConstPtr\x1b[m\x1b[K;\n'}
[2.208307] (web_video_server) StderrLine: {'line': b'      |     \x1b[01;36m\x1b[K^~~~~~~~\x1b[m\x1b[K\n'}
[2.208403] (web_video_server) StderrLine: {'line': b'\x1b[01m\x1b[K/home/jcfurey/wvs_ws/src/web_video_server/include/web_video_server/subscribers/ros_subscriber.hpp:30:87:\x1b[m\x1b[K \x1b[01;35m\x1b[Kwarning: \x1b[m\x1b[K\xe2\x80\x98\x1b[01m\x1b[Ksensor_msgs::msg::Image_<std::allocator<void> >::ConstPtr\x1b[m\x1b[K\xe2\x80\x99 is deprecated [\x1b[01;35m\x1b[K-Wdeprecated-declarations\x1b[m\x1b[K]\n'}
[2.208506] (web_video_server) StderrLine: {'line': b'   30 |     virtual void subscriberCallback(const sensor_msgs::msg::Image::ConstPtr &input_msg\x1b[01;35m\x1b[K)\x1b[m\x1b[K;\n'}
[2.208590] (web_video_server) StderrLine: {'line': b'      |                                                                                       \x1b[01;35m\x1b[K^\x1b[m\x1b[K\n'}
[2.208662] (web_video_server) StderrLine: {'line': b'\x1b[01m\x1b[K/opt/ros/jazzy/include/sensor_msgs/sensor_msgs/msg/detail/image__struct.hpp:176:5:\x1b[m\x1b[K \x1b[01;36m\x1b[Knote: \x1b[m\x1b[Kdeclared here\n'}
[2.208740] (web_video_server) StderrLine: {'line': b'  176 |     \x1b[01;36m\x1b[KConstPtr\x1b[m\x1b[K;\n'}
[2.208812] (web_video_server) StderrLine: {'line': b'      |     \x1b[01;36m\x1b[K^~~~~~~~\x1b[m\x1b[K\n'}
[2.208892] (web_video_server) StderrLine: {'line': b'\x1b[01m\x1b[K/home/jcfurey/wvs_ws/src/web_video_server/include/web_video_server/subscribers/pointcloud2_subscriber.hpp:34:85:\x1b[m\x1b[K \x1b[01;35m\x1b[Kwarning: \x1b[m\x1b[K\xe2\x80\x98\x1b[01m\x1b[Ksensor_msgs::msg::PointCloud2_<std::allocator<void> >::ConstPtr\x1b[m\x1b[K\xe2\x80\x99 is deprecated [\x1b[01;35m\x1b[K-Wdeprecated-declarations\x1b[m\x1b[K]\n'}
[2.209028] (web_video_server) StderrLine: {'line': b'   34 |     void subscriberCallback(const sensor_msgs::msg::PointCloud2::ConstPtr &input_msg\x1b[01;35m\x1b[K)\x1b[m\x1b[K;\n'}
[2.209118] (web_video_server) StderrLine: {'line': b'      |                                                                                     \x1b[01;35m\x1b[K^\x1b[m\x1b[K\n'}
[2.209193] (web_video_server) StderrLine: {'line': b'In file included from \x1b[01m\x1b[K/opt/ros/jazzy/include/sensor_msgs/sensor_msgs/msg/point_cloud2.hpp:7\x1b[m\x1b[K,\n'}
[2.209271] (web_video_server) StderrLine: {'line': b'                 from \x1b[01m\x1b[K/home/jcfurey/wvs_ws/src/web_video_server/include/web_video_server/subscribers/pointcloud2_subscriber.hpp:7\x1b[m\x1b[K:\n'}
[2.209345] (web_video_server) StderrLine: {'line': b'\x1b[01m\x1b[K/opt/ros/jazzy/include/sensor_msgs/sensor_msgs/msg/detail/point_cloud2__struct.hpp:197:5:\x1b[m\x1b[K \x1b[01;36m\x1b[Knote: \x1b[m\x1b[Kdeclared here\n'}
[2.209422] (web_video_server) StderrLine: {'line': b'  197 |     \x1b[01;36m\x1b[KConstPtr\x1b[m\x1b[K;\n'}
[2.209787] (web_video_server) StderrLine: {'line': b'      |     \x1b[01;36m\x1b[K^~~~~~~~\x1b[m\x1b[K\n'}
[2.210011] (web_video_server) StderrLine: {'line': b'In file included from \x1b[01m\x1b[K/home/jcfurey/wvs_ws/src/web_video_server/include/web_video_server/image_streamer.hpp:45\x1b[m\x1b[K:\n'}
[2.210235] (web_video_server) StderrLine: {'line': b'\x1b[01m\x1b[K/home/jcfurey/wvs_ws/src/web_video_server/include/web_video_server/subscribers/image_transport_subscriber.hpp:24:79:\x1b[m\x1b[K \x1b[01;35m\x1b[Kwarning: \x1b[m\x1b[K\xe2\x80\x98\x1b[01m\x1b[Ksensor_msgs::msg::Image_<std::allocator<void> >::ConstPtr\x1b[m\x1b[K\xe2\x80\x99 is deprecated [\x1b[01;35m\x1b[K-Wdeprecated-declarations\x1b[m\x1b[K]\n'}
[2.210317] (web_video_server) StderrLine: {'line': b'   24 |     void subscriberCallback(const sensor_msgs::msg::Image::ConstPtr &input_msg\x1b[01;35m\x1b[K)\x1b[m\x1b[K;\n'}
[2.210395] (web_video_server) StderrLine: {'line': b'      |                                                                               \x1b[01;35m\x1b[K^\x1b[m\x1b[K\n'}
[2.210480] (web_video_server) StderrLine: {'line': b'\x1b[01m\x1b[K/opt/ros/jazzy/include/sensor_msgs/sensor_msgs/msg/detail/image__struct.hpp:176:5:\x1b[m\x1b[K \x1b[01;36m\x1b[Knote: \x1b[m\x1b[Kdeclared here\n'}
[2.210559] (web_video_server) StderrLine: {'line': b'  176 |     \x1b[01;36m\x1b[KConstPtr\x1b[m\x1b[K;\n'}
[2.210634] (web_video_server) StderrLine: {'line': b'      |     \x1b[01;36m\x1b[K^~~~~~~~\x1b[m\x1b[K\n'}
[2.210714] (web_video_server) StderrLine: {'line': b'In file included from \x1b[01m\x1b[K/home/jcfurey/wvs_ws/src/web_video_server/include/web_video_server/subscribers/pointcloud2_subscriber.hpp:18\x1b[m\x1b[K,\n'}
[2.210793] (web_video_server) StderrLine: {'line': b'                 from \x1b[01m\x1b[K/home/jcfurey/wvs_ws/src/web_video_server/include/web_video_server/image_streamer.hpp:44\x1b[m\x1b[K,\n'}
[2.210869] (web_video_server) StderrLine: {'line': b'                 from \x1b[01m\x1b[K/home/jcfurey/wvs_ws/src/web_video_server/include/web_video_server/libav_streamer.hpp:50\x1b[m\x1b[K,\n'}
[2.210943] (web_video_server) StderrLine: {'line': b'                 from \x1b[01m\x1b[K/home/jcfurey/wvs_ws/src/web_video_server/include/web_video_server/vp9_streamer.hpp:35\x1b[m\x1b[K,\n'}
[2.211024] (web_video_server) StderrLine: {'line': b'                 from \x1b[01m\x1b[K/home/jcfurey/wvs_ws/src/web_video_server/src/vp9_streamer.cpp:30\x1b[m\x1b[K:\n'}
[2.211098] (web_video_server) StderrLine: {'line': b'\x1b[01m\x1b[K/home/jcfurey/wvs_ws/src/web_video_server/include/web_video_server/subscribers/ros_subscriber.hpp:16:70:\x1b[m\x1b[K \x1b[01;35m\x1b[Kwarning: \x1b[m\x1b[K\xe2\x80\x98\x1b[01m\x1b[Ksensor_msgs::msg::Image_<std::allocator<void> >::ConstPtr\x1b[m\x1b[K\xe2\x80\x99 is deprecated [\x1b[01;35m\x1b[K-Wdeprecated-declarations\x1b[m\x1b[K]\n'}
[2.211190] (web_video_server) StderrLine: {'line': b'   16 |   typedef std::function<void(const sensor_msgs::msg::Image::ConstPtr&\x1b[01;35m\x1b[K)\x1b[m\x1b[K> ImageCallback;\n'}
[2.211274] (web_video_server) StderrLine: {'line': b'      |                                                                      \x1b[01;35m\x1b[K^\x1b[m\x1b[K\n'}
[2.211350] (web_video_server) StderrLine: {'line': b'In file included from \x1b[01m\x1b[K/opt/ros/jazzy/include/sensor_msgs/sensor_msgs/msg/image.hpp:7\x1b[m\x1b[K,\n'}
[2.211424] (web_video_server) StderrLine: {'line': b'                 from \x1b[01m\x1b[K/opt/ros/jazzy/include/image_transport/image_transport/camera_publisher.hpp:38\x1b[m\x1b[K,\n'}
[2.211498] (web_video_server) StderrLine: {'line': b'                 from \x1b[01m\x1b[K/opt/ros/jazzy/include/image_transport/image_transport/image_transport.hpp:39\x1b[m\x1b[K,\n'}
[2.211573] (web_video_server) StderrLine: {'line': b'                 from \x1b[01m\x1b[K/home/jcfurey/wvs_ws/src/web_video_server/include/web_video_server/vp9_streamer.hpp:34\x1b[m\x1b[K:\n'}
[2.211649] (web_video_server) StderrLine: {'line': b'\x1b[01m\x1b[K/opt/ros/jazzy/include/sensor_msgs/sensor_msgs/msg/detail/image__struct.hpp:176:5:\x1b[m\x1b[K \x1b[01;36m\x1b[Knote: \x1b[m\x1b[Kdeclared here\n'}
[2.211808] (web_video_server) StderrLine: {'line': b'  176 |     \x1b[01;36m\x1b[KConstPtr\x1b[m\x1b[K;\n'}
[2.211893] (web_video_server) StderrLine: {'line': b'      |     \x1b[01;36m\x1b[K^~~~~~~~\x1b[m\x1b[K\n'}
[2.211986] (web_video_server) StderrLine: {'line': b'\x1b[01m\x1b[K/home/jcfurey/wvs_ws/src/web_video_server/include/web_video_server/subscribers/ros_subscriber.hpp:30:87:\x1b[m\x1b[K \x1b[01;35m\x1b[Kwarning: \x1b[m\x1b[K\xe2\x80\x98\x1b[01m\x1b[Ksensor_msgs::msg::Image_<std::allocator<void> >::ConstPtr\x1b[m\x1b[K\xe2\x80\x99 is deprecated [\x1b[01;35m\x1b[K-Wdeprecated-declarations\x1b[m\x1b[K]\n'}
[2.212065] (web_video_server) StderrLine: {'line': b'   30 |     virtual void subscriberCallback(const sensor_msgs::msg::Image::ConstPtr &input_msg\x1b[01;35m\x1b[K)\x1b[m\x1b[K;\n'}
[2.212227] (web_video_server) StderrLine: {'line': b'      |                                                                                       \x1b[01;35m\x1b[K^\x1b[m\x1b[K\n'}
[2.212352] (web_video_server) StderrLine: {'line': b'\x1b[01m\x1b[K/opt/ros/jazzy/include/sensor_msgs/sensor_msgs/msg/detail/image__struct.hpp:176:5:\x1b[m\x1b[K \x1b[01;36m\x1b[Knote: \x1b[m\x1b[Kdeclared here\n'}
[2.212454] (web_video_server) StderrLine: {'line': b'  176 |     \x1b[01;36m\x1b[KConstPtr\x1b[m\x1b[K;\n'}
[2.212550] (web_video_server) StderrLine: {'line': b'      |     \x1b[01;36m\x1b[K^~~~~~~~\x1b[m\x1b[K\n'}
[2.212650] (web_video_server) StderrLine: {'line': b'\x1b[01m\x1b[K/home/jcfurey/wvs_ws/src/web_video_server/include/web_video_server/subscribers/pointcloud2_subscriber.hpp:34:85:\x1b[m\x1b[K \x1b[01;35m\x1b[Kwarning: \x1b[m\x1b[K\xe2\x80\x98\x1b[01m\x1b[Ksensor_msgs::msg::PointCloud2_<std::allocator<void> >::ConstPtr\x1b[m\x1b[K\xe2\x80\x99 is deprecated [\x1b[01;35m\x1b[K-Wdeprecated-declarations\x1b[m\x1b[K]\n'}
[2.212752] (web_video_server) StderrLine: {'line': b'   34 |     void subscriberCallback(const sensor_msgs::msg::PointCloud2::ConstPtr &input_msg\x1b[01;35m\x1b[K)\x1b[m\x1b[K;\n'}
[2.212857] (web_video_server) StderrLine: {'line': b'      |                                                                                     \x1b[01;35m\x1b[K^\x1b[m\x1b[K\n'}
[2.212973] (web_video_server) StderrLine: {'line': b'In file included from \x1b[01m\x1b[K/opt/ros/jazzy/include/sensor_msgs/sensor_msgs/msg/point_cloud2.hpp:7\x1b[m\x1b[K,\n'}
[2.213075] (web_video_server) StderrLine: {'line': b'                 from \x1b[01m\x1b[K/home/jcfurey/wvs_ws/src/web_video_server/include/web_video_server/subscribers/pointcloud2_subscriber.hpp:7\x1b[m\x1b[K:\n'}
[2.213178] (web_video_server) StderrLine: {'line': b'\x1b[01m\x1b[K/opt/ros/jazzy/include/sensor_msgs/sensor_msgs/msg/detail/point_cloud2__struct.hpp:197:5:\x1b[m\x1b[K \x1b[01;36m\x1b[Knote: \x1b[m\x1b[Kdeclared here\n'}
[2.213276] (web_video_server) StderrLine: {'line': b'  197 |     \x1b[01;36m\x1b[KConstPtr\x1b[m\x1b[K;\n'}
[2.213372] (web_video_server) StderrLine: {'line': b'      |     \x1b[01;36m\x1b[K^~~~~~~~\x1b[m\x1b[K\n'}
[2.213646] (web_video_server) StderrLine: {'line': b'In file included from \x1b[01m\x1b[K/home/jcfurey/wvs_ws/src/web_video_server/include/web_video_server/image_streamer.hpp:45\x1b[m\x1b[K:\n'}
[2.213757] (web_video_server) StderrLine: {'line': b'\x1b[01m\x1b[K/home/jcfurey/wvs_ws/src/web_video_server/include/web_video_server/subscribers/image_transport_subscriber.hpp:24:79:\x1b[m\x1b[K \x1b[01;35m\x1b[Kwarning: \x1b[m\x1b[K\xe2\x80\x98\x1b[01m\x1b[Ksensor_msgs::msg::Image_<std::allocator<void> >::ConstPtr\x1b[m\x1b[K\xe2\x80\x99 is deprecated [\x1b[01;35m\x1b[K-Wdeprecated-declarations\x1b[m\x1b[K]\n'}
[2.213865] (web_video_server) StderrLine: {'line': b'   24 |     void subscriberCallback(const sensor_msgs::msg::Image::ConstPtr &input_msg\x1b[01;35m\x1b[K)\x1b[m\x1b[K;\n'}
[2.213978] (web_video_server) StderrLine: {'line': b'      |                                                                               \x1b[01;35m\x1b[K^\x1b[m\x1b[K\n'}
[2.214076] (web_video_server) StderrLine: {'line': b'\x1b[01m\x1b[K/opt/ros/jazzy/include/sensor_msgs/sensor_msgs/msg/detail/image__struct.hpp:176:5:\x1b[m\x1b[K \x1b[01;36m\x1b[Knote: \x1b[m\x1b[Kdeclared here\n'}
[2.214173] (web_video_server) StderrLine: {'line': b'  176 |     \x1b[01;36m\x1b[KConstPtr\x1b[m\x1b[K;\n'}
[2.214270] (web_video_server) StderrLine: {'line': b'      |     \x1b[01;36m\x1b[K^~~~~~~~\x1b[m\x1b[K\n'}
[2.214367] (web_video_server) StderrLine: {'line': b'In file included from \x1b[01m\x1b[K/home/jcfurey/wvs_ws/src/web_video_server/include/web_video_server/subscribers/image_transport_subscriber.hpp:8\x1b[m\x1b[K,\n'}
[2.214464] (web_video_server) StderrLine: {'line': b'                 from \x1b[01m\x1b[K/home/jcfurey/wvs_ws/src/web_video_server/src/subscribers/image_transport_subscriber.cpp:2\x1b[m\x1b[K:\n'}
[2.214570] (web_video_server) StderrLine: {'line': b'\x1b[01m\x1b[K/home/jcfurey/wvs_ws/src/web_video_server/include/web_video_server/subscribers/ros_subscriber.hpp:16:70:\x1b[m\x1b[K \x1b[01;35m\x1b[Kwarning: \x1b[m\x1b[K\xe2\x80\x98\x1b[01m\x1b[Ksensor_msgs::msg::Image_<std::allocator<void> >::ConstPtr\x1b[m\x1b[K\xe2\x80\x99 is deprecated [\x1b[01;35m\x1b[K-Wdeprecated-declarations\x1b[m\x1b[K]\n'}
[2.214671] (web_video_server) StderrLine: {'line': b'   16 |   typedef std::function<void(const sensor_msgs::msg::Image::ConstPtr&\x1b[01;35m\x1b[K)\x1b[m\x1b[K> ImageCallback;\n'}
[2.214773] (web_video_server) StderrLine: {'line': b'      |                                                                      \x1b[01;35m\x1b[K^\x1b[m\x1b[K\n'}
[2.214871] (web_video_server) StderrLine: {'line': b'In file included from \x1b[01m\x1b[K/opt/ros/jazzy/include/sensor_msgs/sensor_msgs/msg/image.hpp:7\x1b[m\x1b[K,\n'}
[2.214978] (web_video_server) StderrLine: {'line': b'                 from \x1b[01m\x1b[K/opt/ros/jazzy/include/image_transport/image_transport/camera_publisher.hpp:38\x1b[m\x1b[K,\n'}
[2.215077] (web_video_server) StderrLine: {'line': b'                 from \x1b[01m\x1b[K/opt/ros/jazzy/include/image_transport/image_transport/image_transport.hpp:39\x1b[m\x1b[K,\n'}
[2.215174] (web_video_server) StderrLine: {'line': b'                 from \x1b[01m\x1b[K/home/jcfurey/wvs_ws/src/web_video_server/include/web_video_server/subscribers/image_transport_subscriber.hpp:5\x1b[m\x1b[K:\n'}
[2.215271] (web_video_server) StderrLine: {'line': b'\x1b[01m\x1b[K/opt/ros/jazzy/include/sensor_msgs/sensor_msgs/msg/detail/image__struct.hpp:176:5:\x1b[m\x1b[K \x1b[01;36m\x1b[Knote: \x1b[m\x1b[Kdeclared here\n'}
[2.215369] (web_video_server) StderrLine: {'line': b'  176 |     \x1b[01;36m\x1b[KConstPtr\x1b[m\x1b[K;\n'}
[2.215486] (web_video_server) StderrLine: {'line': b'      |     \x1b[01;36m\x1b[K^~~~~~~~\x1b[m\x1b[K\n'}
[2.215583] (web_video_server) StderrLine: {'line': b'\x1b[01m\x1b[K/home/jcfurey/wvs_ws/src/web_video_server/include/web_video_server/subscribers/ros_subscriber.hpp:30:87:\x1b[m\x1b[K \x1b[01;35m\x1b[Kwarning: \x1b[m\x1b[K\xe2\x80\x98\x1b[01m\x1b[Ksensor_msgs::msg::Image_<std::allocator<void> >::ConstPtr\x1b[m\x1b[K\xe2\x80\x99 is deprecated [\x1b[01;35m\x1b[K-Wdeprecated-declarations\x1b[m\x1b[K]\n'}
[2.215684] (web_video_server) StderrLine: {'line': b'   30 |     virtual void subscriberCallback(const sensor_msgs::msg::Image::ConstPtr &input_msg\x1b[01;35m\x1b[K)\x1b[m\x1b[K;\n'}
[2.215787] (web_video_server) StderrLine: {'line': b'      |                                                                                       \x1b[01;35m\x1b[K^\x1b[m\x1b[K\n'}
[2.215888] (web_video_server) StderrLine: {'line': b'\x1b[01m\x1b[K/opt/ros/jazzy/include/sensor_msgs/sensor_msgs/msg/detail/image__struct.hpp:176:5:\x1b[m\x1b[K \x1b[01;36m\x1b[Knote: \x1b[m\x1b[Kdeclared here\n'}
[2.216000] (web_video_server) StderrLine: {'line': b'  176 |     \x1b[01;36m\x1b[KConstPtr\x1b[m\x1b[K;\n'}
[2.216127] (web_video_server) StderrLine: {'line': b'      |     \x1b[01;36m\x1b[K^~~~~~~~\x1b[m\x1b[K\n'}
[2.216207] (web_video_server) StderrLine: {'line': b'\x1b[01m\x1b[K/home/jcfurey/wvs_ws/src/web_video_server/include/web_video_server/subscribers/image_transport_subscriber.hpp:24:79:\x1b[m\x1b[K \x1b[01;35m\x1b[Kwarning: \x1b[m\x1b[K\xe2\x80\x98\x1b[01m\x1b[Ksensor_msgs::msg::Image_<std::allocator<void> >::ConstPtr\x1b[m\x1b[K\xe2\x80\x99 is deprecated [\x1b[01;35m\x1b[K-Wdeprecated-declarations\x1b[m\x1b[K]\n'}
[2.216285] (web_video_server) StderrLine: {'line': b'   24 |     void subscriberCallback(const sensor_msgs::msg::Image::ConstPtr &input_msg\x1b[01;35m\x1b[K)\x1b[m\x1b[K;\n'}
[2.216361] (web_video_server) StderrLine: {'line': b'      |                                                                               \x1b[01;35m\x1b[K^\x1b[m\x1b[K\n'}
[2.216442] (web_video_server) StderrLine: {'line': b'\x1b[01m\x1b[K/opt/ros/jazzy/include/sensor_msgs/sensor_msgs/msg/detail/image__struct.hpp:176:5:\x1b[m\x1b[K \x1b[01;36m\x1b[Knote: \x1b[m\x1b[Kdeclared here\n'}
[2.216517] (web_video_server) StderrLine: {'line': b'  176 |     \x1b[01;36m\x1b[KConstPtr\x1b[m\x1b[K;\n'}
[2.216591] (web_video_server) StderrLine: {'line': b'      |     \x1b[01;36m\x1b[K^~~~~~~~\x1b[m\x1b[K\n'}
[2.216664] (web_video_server) StderrLine: {'line': b'\x1b[01m\x1b[K/home/jcfurey/wvs_ws/src/web_video_server/src/subscribers/image_transport_subscriber.cpp:44:101:\x1b[m\x1b[K \x1b[01;35m\x1b[Kwarning: \x1b[m\x1b[K\xe2\x80\x98\x1b[01m\x1b[Ksensor_msgs::msg::Image_<std::allocator<void> >::ConstPtr\x1b[m\x1b[K\xe2\x80\x99 is deprecated [\x1b[01;35m\x1b[K-Wdeprecated-declarations\x1b[m\x1b[K]\n'}
[2.216745] (web_video_server) StderrLine: {'line': b'   44 | void ImageTransportSubscriber::subscriberCallback(const sensor_msgs::msg::Image::ConstPtr &input_msg\x1b[01;35m\x1b[K)\x1b[m\x1b[K\n'}
[2.216819] (web_video_server) StderrLine: {'line': b'      |                                                                                                     \x1b[01;35m\x1b[K^\x1b[m\x1b[K\n'}
[2.216893] (web_video_server) StderrLine: {'line': b'\x1b[01m\x1b[K/opt/ros/jazzy/include/sensor_msgs/sensor_msgs/msg/detail/image__struct.hpp:176:5:\x1b[m\x1b[K \x1b[01;36m\x1b[Knote: \x1b[m\x1b[Kdeclared here\n'}
[2.216983] (web_video_server) StderrLine: {'line': b'  176 |     \x1b[01;36m\x1b[KConstPtr\x1b[m\x1b[K;\n'}
[2.217059] (web_video_server) StderrLine: {'line': b'      |     \x1b[01;36m\x1b[K^~~~~~~~\x1b[m\x1b[K\n'}
[2.217145] (web_video_server) StderrLine: {'line': b'In file included from \x1b[01m\x1b[K/home/jcfurey/wvs_ws/src/web_video_server/include/web_video_server/subscribers/pointcloud2_subscriber.hpp:18\x1b[m\x1b[K,\n'}
[2.217214] (web_video_server) StderrLine: {'line': b'                 from \x1b[01m\x1b[K/home/jcfurey/wvs_ws/src/web_video_server/include/web_video_server/image_streamer.hpp:44\x1b[m\x1b[K,\n'}
[2.217294] (web_video_server) StderrLine: {'line': b'                 from \x1b[01m\x1b[K/home/jcfurey/wvs_ws/src/web_video_server/include/web_video_server/libav_streamer.hpp:50\x1b[m\x1b[K,\n'}
[2.217367] (web_video_server) StderrLine: {'line': b'                 from \x1b[01m\x1b[K/home/jcfurey/wvs_ws/src/web_video_server/include/web_video_server/vp8_streamer.hpp:37\x1b[m\x1b[K,\n'}
[2.217444] (web_video_server) StderrLine: {'line': b'                 from \x1b[01m\x1b[K/home/jcfurey/wvs_ws/src/web_video_server/src/vp8_streamer.cpp:31\x1b[m\x1b[K:\n'}
[2.217516] (web_video_server) StderrLine: {'line': b'\x1b[01m\x1b[K/home/jcfurey/wvs_ws/src/web_video_server/include/web_video_server/subscribers/ros_subscriber.hpp:16:70:\x1b[m\x1b[K \x1b[01;35m\x1b[Kwarning: \x1b[m\x1b[K\xe2\x80\x98\x1b[01m\x1b[Ksensor_msgs::msg::Image_<std::allocator<void> >::ConstPtr\x1b[m\x1b[K\xe2\x80\x99 is deprecated [\x1b[01;35m\x1b[K-Wdeprecated-declarations\x1b[m\x1b[K]\n'}
[2.217591] (web_video_server) StderrLine: {'line': b'   16 |   typedef std::function<void(const sensor_msgs::msg::Image::ConstPtr&\x1b[01;35m\x1b[K)\x1b[m\x1b[K> ImageCallback;\n'}
[2.217664] (web_video_server) StderrLine: {'line': b'      |                                                                      \x1b[01;35m\x1b[K^\x1b[m\x1b[K\n'}
[2.217742] (web_video_server) StderrLine: {'line': b'In file included from \x1b[01m\x1b[K/opt/ros/jazzy/include/sensor_msgs/sensor_msgs/msg/image.hpp:7\x1b[m\x1b[K,\n'}
[2.217814] (web_video_server) StderrLine: {'line': b'                 from \x1b[01m\x1b[K/opt/ros/jazzy/include/image_transport/image_transport/camera_publisher.hpp:38\x1b[m\x1b[K,\n'}
[2.217887] (web_video_server) StderrLine: {'line': b'                 from \x1b[01m\x1b[K/opt/ros/jazzy/include/image_transport/image_transport/image_transport.hpp:39\x1b[m\x1b[K,\n'}
[2.217968] (web_video_server) StderrLine: {'line': b'                 from \x1b[01m\x1b[K/home/jcfurey/wvs_ws/src/web_video_server/include/web_video_server/vp8_streamer.hpp:36\x1b[m\x1b[K:\n'}
[2.218055] (web_video_server) StderrLine: {'line': b'\x1b[01m\x1b[K/opt/ros/jazzy/include/sensor_msgs/sensor_msgs/msg/detail/image__struct.hpp:176:5:\x1b[m\x1b[K \x1b[01;36m\x1b[Knote: \x1b[m\x1b[Kdeclared here\n'}
[2.218156] (web_video_server) StderrLine: {'line': b'  176 |     \x1b[01;36m\x1b[KConstPtr\x1b[m\x1b[K;\n'}
[2.218254] (web_video_server) StderrLine: {'line': b'      |     \x1b[01;36m\x1b[K^~~~~~~~\x1b[m\x1b[K\n'}
[2.218347] (web_video_server) StderrLine: {'line': b'\x1b[01m\x1b[K/home/jcfurey/wvs_ws/src/web_video_server/include/web_video_server/subscribers/ros_subscriber.hpp:30:87:\x1b[m\x1b[K \x1b[01;35m\x1b[Kwarning: \x1b[m\x1b[K\xe2\x80\x98\x1b[01m\x1b[Ksensor_msgs::msg::Image_<std::allocator<void> >::ConstPtr\x1b[m\x1b[K\xe2\x80\x99 is deprecated [\x1b[01;35m\x1b[K-Wdeprecated-declarations\x1b[m\x1b[K]\n'}
[2.218447] (web_video_server) StderrLine: {'line': b'   30 |     virtual void subscriberCallback(const sensor_msgs::msg::Image::ConstPtr &input_msg\x1b[01;35m\x1b[K)\x1b[m\x1b[K;\n'}
[2.218544] (web_video_server) StderrLine: {'line': b'      |                                                                                       \x1b[01;35m\x1b[K^\x1b[m\x1b[K\n'}
[2.218640] (web_video_server) StderrLine: {'line': b'\x1b[01m\x1b[K/opt/ros/jazzy/include/sensor_msgs/sensor_msgs/msg/detail/image__struct.hpp:176:5:\x1b[m\x1b[K \x1b[01;36m\x1b[Knote: \x1b[m\x1b[Kdeclared here\n'}
[2.218735] (web_video_server) StderrLine: {'line': b'  176 |     \x1b[01;36m\x1b[KConstPtr\x1b[m\x1b[K;\n'}
[2.218829] (web_video_server) StderrLine: {'line': b'      |     \x1b[01;36m\x1b[K^~~~~~~~\x1b[m\x1b[K\n'}
[2.218921] (web_video_server) StderrLine: {'line': b'\x1b[01m\x1b[K/home/jcfurey/wvs_ws/src/web_video_server/include/web_video_server/subscribers/pointcloud2_subscriber.hpp:34:85:\x1b[m\x1b[K \x1b[01;35m\x1b[Kwarning: \x1b[m\x1b[K\xe2\x80\x98\x1b[01m\x1b[Ksensor_msgs::msg::PointCloud2_<std::allocator<void> >::ConstPtr\x1b[m\x1b[K\xe2\x80\x99 is deprecated [\x1b[01;35m\x1b[K-Wdeprecated-declarations\x1b[m\x1b[K]\n'}
[2.219037] (web_video_server) StderrLine: {'line': b'   34 |     void subscriberCallback(const sensor_msgs::msg::PointCloud2::ConstPtr &input_msg\x1b[01;35m\x1b[K)\x1b[m\x1b[K;\n'}
[2.219129] (web_video_server) StderrLine: {'line': b'      |                                                                                     \x1b[01;35m\x1b[K^\x1b[m\x1b[K\n'}
[2.219229] (web_video_server) StderrLine: {'line': b'In file included from \x1b[01m\x1b[K/opt/ros/jazzy/include/sensor_msgs/sensor_msgs/msg/point_cloud2.hpp:7\x1b[m\x1b[K,\n'}
[2.219334] (web_video_server) StderrLine: {'line': b'                 from \x1b[01m\x1b[K/home/jcfurey/wvs_ws/src/web_video_server/include/web_video_server/subscribers/pointcloud2_subscriber.hpp:7\x1b[m\x1b[K:\n'}
[2.219429] (web_video_server) StderrLine: {'line': b'\x1b[01m\x1b[K/opt/ros/jazzy/include/sensor_msgs/sensor_msgs/msg/detail/point_cloud2__struct.hpp:197:5:\x1b[m\x1b[K \x1b[01;36m\x1b[Knote: \x1b[m\x1b[Kdeclared here\n'}
[2.219527] (web_video_server) StderrLine: {'line': b'  197 |     \x1b[01;36m\x1b[KConstPtr\x1b[m\x1b[K;\n'}
[2.219621] (web_video_server) StderrLine: {'line': b'      |     \x1b[01;36m\x1b[K^~~~~~~~\x1b[m\x1b[K\n'}
[2.219721] (web_video_server) StderrLine: {'line': b'In file included from \x1b[01m\x1b[K/home/jcfurey/wvs_ws/src/web_video_server/include/web_video_server/image_streamer.hpp:45\x1b[m\x1b[K:\n'}
[2.219818] (web_video_server) StderrLine: {'line': b'\x1b[01m\x1b[K/home/jcfurey/wvs_ws/src/web_video_server/include/web_video_server/subscribers/image_transport_subscriber.hpp:24:79:\x1b[m\x1b[K \x1b[01;35m\x1b[Kwarning: \x1b[m\x1b[K\xe2\x80\x98\x1b[01m\x1b[Ksensor_msgs::msg::Image_<std::allocator<void> >::ConstPtr\x1b[m\x1b[K\xe2\x80\x99 is deprecated [\x1b[01;35m\x1b[K-Wdeprecated-declarations\x1b[m\x1b[K]\n'}
[2.219916] (web_video_server) StderrLine: {'line': b'   24 |     void subscriberCallback(const sensor_msgs::msg::Image::ConstPtr &input_msg\x1b[01;35m\x1b[K)\x1b[m\x1b[K;\n'}
[2.220156] (web_video_server) StderrLine: {'line': b'      |                                                                               \x1b[01;35m\x1b[K^\x1b[m\x1b[K\n'}
[2.220266] (web_video_server) StderrLine: {'line': b'\x1b[01m\x1b[K/opt/ros/jazzy/include/sensor_msgs/sensor_msgs/msg/detail/image__struct.hpp:176:5:\x1b[m\x1b[K \x1b[01;36m\x1b[Knote: \x1b[m\x1b[Kdeclared here\n'}
[2.220345] (web_video_server) StderrLine: {'line': b'  176 |     \x1b[01;36m\x1b[KConstPtr\x1b[m\x1b[K;\n'}
[2.220430] (web_video_server) StderrLine: {'line': b'      |     \x1b[01;36m\x1b[K^~~~~~~~\x1b[m\x1b[K\n'}
[2.220503] (web_video_server) StderrLine: {'line': b'In file included from \x1b[01m\x1b[K/home/jcfurey/wvs_ws/src/web_video_server/include/web_video_server/subscribers/pointcloud2_subscriber.hpp:18\x1b[m\x1b[K,\n'}
[2.220581] (web_video_server) StderrLine: {'line': b'                 from \x1b[01m\x1b[K/home/jcfurey/wvs_ws/src/web_video_server/include/web_video_server/image_streamer.hpp:44\x1b[m\x1b[K,\n'}
[2.220656] (web_video_server) StderrLine: {'line': b'                 from \x1b[01m\x1b[K/home/jcfurey/wvs_ws/src/web_video_server/include/web_video_server/libav_streamer.hpp:50\x1b[m\x1b[K,\n'}
[2.220728] (web_video_server) StderrLine: {'line': b'                 from \x1b[01m\x1b[K/home/jcfurey/wvs_ws/src/web_video_server/src/libav_streamer.cpp:31\x1b[m\x1b[K:\n'}
[2.220804] (web_video_server) StderrLine: {'line': b'\x1b[01m\x1b[K/home/jcfurey/wvs_ws/src/web_video_server/include/web_video_server/subscribers/ros_subscriber.hpp:16:70:\x1b[m\x1b[K \x1b[01;35m\x1b[Kwarning: \x1b[m\x1b[K\xe2\x80\x98\x1b[01m\x1b[Ksensor_msgs::msg::Image_<std::allocator<void> >::ConstPtr\x1b[m\x1b[K\xe2\x80\x99 is deprecated [\x1b[01;35m\x1b[K-Wdeprecated-declarations\x1b[m\x1b[K]\n'}
[2.220885] (web_video_server) StderrLine: {'line': b'   16 |   typedef std::function<void(const sensor_msgs::msg::Image::ConstPtr&\x1b[01;35m\x1b[K)\x1b[m\x1b[K> ImageCallback;\n'}
[2.220972] (web_video_server) StderrLine: {'line': b'      |                                                                      \x1b[01;35m\x1b[K^\x1b[m\x1b[K\n'}
[2.221100] (web_video_server) StderrLine: {'line': b'In file included from \x1b[01m\x1b[K/opt/ros/jazzy/include/sensor_msgs/sensor_msgs/msg/image.hpp:7\x1b[m\x1b[K,\n'}
[2.221184] (web_video_server) StderrLine: {'line': b'                 from \x1b[01m\x1b[K/opt/ros/jazzy/include/image_transport/image_transport/camera_publisher.hpp:38\x1b[m\x1b[K,\n'}
[2.221261] (web_video_server) StderrLine: {'line': b'                 from \x1b[01m\x1b[K/opt/ros/jazzy/include/image_transport/image_transport/image_transport.hpp:39\x1b[m\x1b[K,\n'}
[2.221340] (web_video_server) StderrLine: {'line': b'                 from \x1b[01m\x1b[K/home/jcfurey/wvs_ws/src/web_video_server/include/web_video_server/libav_streamer.hpp:49\x1b[m\x1b[K:\n'}
[2.221414] (web_video_server) StderrLine: {'line': b'\x1b[01m\x1b[K/opt/ros/jazzy/include/sensor_msgs/sensor_msgs/msg/detail/image__struct.hpp:176:5:\x1b[m\x1b[K \x1b[01;36m\x1b[Knote: \x1b[m\x1b[Kdeclared here\n'}
[2.221487] (web_video_server) StderrLine: {'line': b'  176 |     \x1b[01;36m\x1b[KConstPtr\x1b[m\x1b[K;\n'}
[2.221564] (web_video_server) StderrLine: {'line': b'      |     \x1b[01;36m\x1b[K^~~~~~~~\x1b[m\x1b[K\n'}
[2.221640] (web_video_server) StderrLine: {'line': b'\x1b[01m\x1b[K/home/jcfurey/wvs_ws/src/web_video_server/include/web_video_server/subscribers/ros_subscriber.hpp:30:87:\x1b[m\x1b[K \x1b[01;35m\x1b[Kwarning: \x1b[m\x1b[K\xe2\x80\x98\x1b[01m\x1b[Ksensor_msgs::msg::Image_<std::allocator<void> >::ConstPtr\x1b[m\x1b[K\xe2\x80\x99 is deprecated [\x1b[01;35m\x1b[K-Wdeprecated-declarations\x1b[m\x1b[K]\n'}
[2.221720] (web_video_server) StderrLine: {'line': b'   30 |     virtual void subscriberCallback(const sensor_msgs::msg::Image::ConstPtr &input_msg\x1b[01;35m\x1b[K)\x1b[m\x1b[K;\n'}
[2.221798] (web_video_server) StderrLine: {'line': b'      |                                                                                       \x1b[01;35m\x1b[K^\x1b[m\x1b[K\n'}
[2.221875] (web_video_server) StderrLine: {'line': b'\x1b[01m\x1b[K/opt/ros/jazzy/include/sensor_msgs/sensor_msgs/msg/detail/image__struct.hpp:176:5:\x1b[m\x1b[K \x1b[01;36m\x1b[Knote: \x1b[m\x1b[Kdeclared here\n'}
[2.221962] (web_video_server) StderrLine: {'line': b'  176 |     \x1b[01;36m\x1b[KConstPtr\x1b[m\x1b[K;\n'}
[2.222041] (web_video_server) StderrLine: {'line': b'      |     \x1b[01;36m\x1b[K^~~~~~~~\x1b[m\x1b[K\n'}
[2.222118] (web_video_server) StderrLine: {'line': b'\x1b[01m\x1b[K/home/jcfurey/wvs_ws/src/web_video_server/include/web_video_server/subscribers/pointcloud2_subscriber.hpp:34:85:\x1b[m\x1b[K \x1b[01;35m\x1b[Kwarning: \x1b[m\x1b[K\xe2\x80\x98\x1b[01m\x1b[Ksensor_msgs::msg::PointCloud2_<std::allocator<void> >::ConstPtr\x1b[m\x1b[K\xe2\x80\x99 is deprecated [\x1b[01;35m\x1b[K-Wdeprecated-declarations\x1b[m\x1b[K]\n'}
[2.222203] (web_video_server) StderrLine: {'line': b'   34 |     void subscriberCallback(const sensor_msgs::msg::PointCloud2::ConstPtr &input_msg\x1b[01;35m\x1b[K)\x1b[m\x1b[K;\n'}
[2.222283] (web_video_server) StderrLine: {'line': b'      |                                                                                     \x1b[01;35m\x1b[K^\x1b[m\x1b[K\n'}
[2.222368] (web_video_server) StderrLine: {'line': b'In file included from \x1b[01m\x1b[K/opt/ros/jazzy/include/sensor_msgs/sensor_msgs/msg/point_cloud2.hpp:7\x1b[m\x1b[K,\n'}
[2.222445] (web_video_server) StderrLine: {'line': b'                 from \x1b[01m\x1b[K/home/jcfurey/wvs_ws/src/web_video_server/include/web_video_server/subscribers/pointcloud2_subscriber.hpp:7\x1b[m\x1b[K:\n'}
[2.222522] (web_video_server) StderrLine: {'line': b'\x1b[01m\x1b[K/opt/ros/jazzy/include/sensor_msgs/sensor_msgs/msg/detail/point_cloud2__struct.hpp:197:5:\x1b[m\x1b[K \x1b[01;36m\x1b[Knote: \x1b[m\x1b[Kdeclared here\n'}
[2.222599] (web_video_server) StderrLine: {'line': b'  197 |     \x1b[01;36m\x1b[KConstPtr\x1b[m\x1b[K;\n'}
[2.222675] (web_video_server) StderrLine: {'line': b'      |     \x1b[01;36m\x1b[K^~~~~~~~\x1b[m\x1b[K\n'}
[2.222757] (web_video_server) StderrLine: {'line': b'In file included from \x1b[01m\x1b[K/home/jcfurey/wvs_ws/src/web_video_server/include/web_video_server/image_streamer.hpp:45\x1b[m\x1b[K:\n'}
[2.222834] (web_video_server) StderrLine: {'line': b'\x1b[01m\x1b[K/home/jcfurey/wvs_ws/src/web_video_server/include/web_video_server/subscribers/image_transport_subscriber.hpp:24:79:\x1b[m\x1b[K \x1b[01;35m\x1b[Kwarning: \x1b[m\x1b[K\xe2\x80\x98\x1b[01m\x1b[Ksensor_msgs::msg::Image_<std::allocator<void> >::ConstPtr\x1b[m\x1b[K\xe2\x80\x99 is deprecated [\x1b[01;35m\x1b[K-Wdeprecated-declarations\x1b[m\x1b[K]\n'}
[2.222920] (web_video_server) StderrLine: {'line': b'   24 |     void subscriberCallback(const sensor_msgs::msg::Image::ConstPtr &input_msg\x1b[01;35m\x1b[K)\x1b[m\x1b[K;\n'}
[2.223026] (web_video_server) StderrLine: {'line': b'      |                                                                               \x1b[01;35m\x1b[K^\x1b[m\x1b[K\n'}
[2.223101] (web_video_server) StderrLine: {'line': b'\x1b[01m\x1b[K/opt/ros/jazzy/include/sensor_msgs/sensor_msgs/msg/detail/image__struct.hpp:176:5:\x1b[m\x1b[K \x1b[01;36m\x1b[Knote: \x1b[m\x1b[Kdeclared here\n'}
[2.223173] (web_video_server) StderrLine: {'line': b'  176 |     \x1b[01;36m\x1b[KConstPtr\x1b[m\x1b[K;\n'}
[2.223247] (web_video_server) StderrLine: {'line': b'      |     \x1b[01;36m\x1b[K^~~~~~~~\x1b[m\x1b[K\n'}
[2.223324] (web_video_server) StderrLine: {'line': b'In file included from \x1b[01m\x1b[K/home/jcfurey/wvs_ws/src/web_video_server/include/web_video_server/subscribers/pointcloud2_subscriber.hpp:18\x1b[m\x1b[K,\n'}
[2.223403] (web_video_server) StderrLine: {'line': b'                 from \x1b[01m\x1b[K/home/jcfurey/wvs_ws/src/web_video_server/include/web_video_server/image_streamer.hpp:44\x1b[m\x1b[K,\n'}
[2.223476] (web_video_server) StderrLine: {'line': b'                 from \x1b[01m\x1b[K/home/jcfurey/wvs_ws/src/web_video_server/include/web_video_server/jpeg_streamers.hpp:37\x1b[m\x1b[K,\n'}
[2.223548] (web_video_server) StderrLine: {'line': b'                 from \x1b[01m\x1b[K/home/jcfurey/wvs_ws/src/web_video_server/src/jpeg_streamers.cpp:31\x1b[m\x1b[K:\n'}
[2.223621] (web_video_server) StderrLine: {'line': b'\x1b[01m\x1b[K/home/jcfurey/wvs_ws/src/web_video_server/include/web_video_server/subscribers/ros_subscriber.hpp:16:70:\x1b[m\x1b[K \x1b[01;35m\x1b[Kwarning: \x1b[m\x1b[K\xe2\x80\x98\x1b[01m\x1b[Ksensor_msgs::msg::Image_<std::allocator<void> >::ConstPtr\x1b[m\x1b[K\xe2\x80\x99 is deprecated [\x1b[01;35m\x1b[K-Wdeprecated-declarations\x1b[m\x1b[K]\n'}
[2.223700] (web_video_server) StderrLine: {'line': b'   16 |   typedef std::function<void(const sensor_msgs::msg::Image::ConstPtr&\x1b[01;35m\x1b[K)\x1b[m\x1b[K> ImageCallback;\n'}
[2.223780] (web_video_server) StderrLine: {'line': b'      |                                                                      \x1b[01;35m\x1b[K^\x1b[m\x1b[K\n'}
[2.223854] (web_video_server) StderrLine: {'line': b'In file included from \x1b[01m\x1b[K/opt/ros/jazzy/include/sensor_msgs/sensor_msgs/msg/image.hpp:7\x1b[m\x1b[K,\n'}
[2.223925] (web_video_server) StderrLine: {'line': b'                 from \x1b[01m\x1b[K/opt/ros/jazzy/include/image_transport/image_transport/camera_publisher.hpp:38\x1b[m\x1b[K,\n'}
[2.224010] (web_video_server) StderrLine: {'line': b'                 from \x1b[01m\x1b[K/opt/ros/jazzy/include/image_transport/image_transport/image_transport.hpp:39\x1b[m\x1b[K,\n'}
[2.224086] (web_video_server) StderrLine: {'line': b'                 from \x1b[01m\x1b[K/home/jcfurey/wvs_ws/src/web_video_server/include/web_video_server/jpeg_streamers.hpp:36\x1b[m\x1b[K:\n'}
[2.224163] (web_video_server) StderrLine: {'line': b'\x1b[01m\x1b[K/opt/ros/jazzy/include/sensor_msgs/sensor_msgs/msg/detail/image__struct.hpp:176:5:\x1b[m\x1b[K \x1b[01;36m\x1b[Knote: \x1b[m\x1b[Kdeclared here\n'}
[2.224236] (web_video_server) StderrLine: {'line': b'  176 |     \x1b[01;36m\x1b[KConstPtr\x1b[m\x1b[K;\n'}
[2.224307] (web_video_server) StderrLine: {'line': b'      |     \x1b[01;36m\x1b[K^~~~~~~~\x1b[m\x1b[K\n'}
[2.224387] (web_video_server) StderrLine: {'line': b'\x1b[01m\x1b[K/home/jcfurey/wvs_ws/src/web_video_server/include/web_video_server/subscribers/ros_subscriber.hpp:30:87:\x1b[m\x1b[K \x1b[01;35m\x1b[Kwarning: \x1b[m\x1b[K\xe2\x80\x98\x1b[01m\x1b[Ksensor_msgs::msg::Image_<std::allocator<void> >::ConstPtr\x1b[m\x1b[K\xe2\x80\x99 is deprecated [\x1b[01;35m\x1b[K-Wdeprecated-declarations\x1b[m\x1b[K]\n'}
[2.224465] (web_video_server) StderrLine: {'line': b'   30 |     virtual void subscriberCallback(const sensor_msgs::msg::Image::ConstPtr &input_msg\x1b[01;35m\x1b[K)\x1b[m\x1b[K;\n'}
[2.224542] (web_video_server) StderrLine: {'line': b'      |                                                                                       \x1b[01;35m\x1b[K^\x1b[m\x1b[K\n'}
[2.224614] (web_video_server) StderrLine: {'line': b'\x1b[01m\x1b[K/opt/ros/jazzy/include/sensor_msgs/sensor_msgs/msg/detail/image__struct.hpp:176:5:\x1b[m\x1b[K \x1b[01;36m\x1b[Knote: \x1b[m\x1b[Kdeclared here\n'}
[2.224693] (web_video_server) StderrLine: {'line': b'  176 |     \x1b[01;36m\x1b[KConstPtr\x1b[m\x1b[K;\n'}
[2.224770] (web_video_server) StderrLine: {'line': b'      |     \x1b[01;36m\x1b[K^~~~~~~~\x1b[m\x1b[K\n'}
[2.224847] (web_video_server) StderrLine: {'line': b'\x1b[01m\x1b[K/home/jcfurey/wvs_ws/src/web_video_server/include/web_video_server/subscribers/pointcloud2_subscriber.hpp:34:85:\x1b[m\x1b[K \x1b[01;35m\x1b[Kwarning: \x1b[m\x1b[K\xe2\x80\x98\x1b[01m\x1b[Ksensor_msgs::msg::PointCloud2_<std::allocator<void> >::ConstPtr\x1b[m\x1b[K\xe2\x80\x99 is deprecated [\x1b[01;35m\x1b[K-Wdeprecated-declarations\x1b[m\x1b[K]\n'}
[2.224925] (web_video_server) StderrLine: {'line': b'   34 |     void subscriberCallback(const sensor_msgs::msg::PointCloud2::ConstPtr &input_msg\x1b[01;35m\x1b[K)\x1b[m\x1b[K;\n'}
[2.225016] (web_video_server) StderrLine: {'line': b'      |                                                                                     \x1b[01;35m\x1b[K^\x1b[m\x1b[K\n'}
[2.225094] (web_video_server) StderrLine: {'line': b'In file included from \x1b[01m\x1b[K/opt/ros/jazzy/include/sensor_msgs/sensor_msgs/msg/point_cloud2.hpp:7\x1b[m\x1b[K,\n'}
[2.225166] (web_video_server) StderrLine: {'line': b'                 from \x1b[01m\x1b[K/home/jcfurey/wvs_ws/src/web_video_server/include/web_video_server/subscribers/pointcloud2_subscriber.hpp:7\x1b[m\x1b[K:\n'}
[2.225241] (web_video_server) StderrLine: {'line': b'\x1b[01m\x1b[K/opt/ros/jazzy/include/sensor_msgs/sensor_msgs/msg/detail/point_cloud2__struct.hpp:197:5:\x1b[m\x1b[K \x1b[01;36m\x1b[Knote: \x1b[m\x1b[Kdeclared here\n'}
[2.225316] (web_video_server) StderrLine: {'line': b'  197 |     \x1b[01;36m\x1b[KConstPtr\x1b[m\x1b[K;\n'}
[2.225396] (web_video_server) StderrLine: {'line': b'      |     \x1b[01;36m\x1b[K^~~~~~~~\x1b[m\x1b[K\n'}
[2.225469] (web_video_server) StderrLine: {'line': b'In file included from \x1b[01m\x1b[K/home/jcfurey/wvs_ws/src/web_video_server/include/web_video_server/image_streamer.hpp:45\x1b[m\x1b[K:\n'}
[2.225547] (web_video_server) StderrLine: {'line': b'\x1b[01m\x1b[K/home/jcfurey/wvs_ws/src/web_video_server/include/web_video_server/subscribers/image_transport_subscriber.hpp:24:79:\x1b[m\x1b[K \x1b[01;35m\x1b[Kwarning: \x1b[m\x1b[K\xe2\x80\x98\x1b[01m\x1b[Ksensor_msgs::msg::Image_<std::allocator<void> >::ConstPtr\x1b[m\x1b[K\xe2\x80\x99 is deprecated [\x1b[01;35m\x1b[K-Wdeprecated-declarations\x1b[m\x1b[K]\n'}
[2.225626] (web_video_server) StderrLine: {'line': b'   24 |     void subscriberCallback(const sensor_msgs::msg::Image::ConstPtr &input_msg\x1b[01;35m\x1b[K)\x1b[m\x1b[K;\n'}
[2.225702] (web_video_server) StderrLine: {'line': b'      |                                                                               \x1b[01;35m\x1b[K^\x1b[m\x1b[K\n'}
[2.225779] (web_video_server) StderrLine: {'line': b'\x1b[01m\x1b[K/opt/ros/jazzy/include/sensor_msgs/sensor_msgs/msg/detail/image__struct.hpp:176:5:\x1b[m\x1b[K \x1b[01;36m\x1b[Knote: \x1b[m\x1b[Kdeclared here\n'}
[2.225862] (web_video_server) StderrLine: {'line': b'  176 |     \x1b[01;36m\x1b[KConstPtr\x1b[m\x1b[K;\n'}
[2.225960] (web_video_server) StderrLine: {'line': b'      |     \x1b[01;36m\x1b[K^~~~~~~~\x1b[m\x1b[K\n'}
[2.226042] (web_video_server) StderrLine: {'line': b'In file included from \x1b[01m\x1b[K/home/jcfurey/wvs_ws/src/web_video_server/include/web_video_server/subscribers/pointcloud2_subscriber.hpp:18\x1b[m\x1b[K,\n'}
[2.226128] (web_video_server) StderrLine: {'line': b'                 from \x1b[01m\x1b[K/home/jcfurey/wvs_ws/src/web_video_server/include/web_video_server/image_streamer.hpp:44\x1b[m\x1b[K,\n'}
[2.226206] (web_video_server) StderrLine: {'line': b'                 from \x1b[01m\x1b[K/home/jcfurey/wvs_ws/src/web_video_server/include/web_video_server/web_video_server.hpp:45\x1b[m\x1b[K,\n'}
[2.226281] (web_video_server) StderrLine: {'line': b'                 from \x1b[01m\x1b[K/home/jcfurey/wvs_ws/src/web_video_server/src/web_video_server.cpp:31\x1b[m\x1b[K:\n'}
[2.226357] (web_video_server) StderrLine: {'line': b'\x1b[01m\x1b[K/home/jcfurey/wvs_ws/src/web_video_server/include/web_video_server/subscribers/ros_subscriber.hpp:16:70:\x1b[m\x1b[K \x1b[01;35m\x1b[Kwarning: \x1b[m\x1b[K\xe2\x80\x98\x1b[01m\x1b[Ksensor_msgs::msg::Image_<std::allocator<void> >::ConstPtr\x1b[m\x1b[K\xe2\x80\x99 is deprecated [\x1b[01;35m\x1b[K-Wdeprecated-declarations\x1b[m\x1b[K]\n'}
[2.226438] (web_video_server) StderrLine: {'line': b'   16 |   typedef std::function<void(const sensor_msgs::msg::Image::ConstPtr&\x1b[01;35m\x1b[K)\x1b[m\x1b[K> ImageCallback;\n'}
[2.226515] (web_video_server) StderrLine: {'line': b'      |                                                                      \x1b[01;35m\x1b[K^\x1b[m\x1b[K\n'}
[2.226592] (web_video_server) StderrLine: {'line': b'In file included from \x1b[01m\x1b[K/opt/ros/jazzy/include/sensor_msgs/sensor_msgs/msg/image.hpp:7\x1b[m\x1b[K,\n'}
[2.226669] (web_video_server) StderrLine: {'line': b'                 from \x1b[01m\x1b[K/opt/ros/jazzy/include/cv_bridge/cv_bridge/cv_bridge.hpp:40\x1b[m\x1b[K,\n'}
[2.226749] (web_video_server) StderrLine: {'line': b'                 from \x1b[01m\x1b[K/home/jcfurey/wvs_ws/src/web_video_server/include/web_video_server/web_video_server.hpp:41\x1b[m\x1b[K:\n'}
[2.226826] (web_video_server) StderrLine: {'line': b'\x1b[01m\x1b[K/opt/ros/jazzy/include/sensor_msgs/sensor_msgs/msg/detail/image__struct.hpp:176:5:\x1b[m\x1b[K \x1b[01;36m\x1b[Knote: \x1b[m\x1b[Kdeclared here\n'}
[2.226901] (web_video_server) StderrLine: {'line': b'  176 |     \x1b[01;36m\x1b[KConstPtr\x1b[m\x1b[K;\n'}
[2.226988] (web_video_server) StderrLine: {'line': b'      |     \x1b[01;36m\x1b[K^~~~~~~~\x1b[m\x1b[K\n'}
[2.227063] (web_video_server) StderrLine: {'line': b'\x1b[01m\x1b[K/home/jcfurey/wvs_ws/src/web_video_server/include/web_video_server/subscribers/ros_subscriber.hpp:30:87:\x1b[m\x1b[K \x1b[01;35m\x1b[Kwarning: \x1b[m\x1b[K\xe2\x80\x98\x1b[01m\x1b[Ksensor_msgs::msg::Image_<std::allocator<void> >::ConstPtr\x1b[m\x1b[K\xe2\x80\x99 is deprecated [\x1b[01;35m\x1b[K-Wdeprecated-declarations\x1b[m\x1b[K]\n'}
[2.227142] (web_video_server) StderrLine: {'line': b'   30 |     virtual void subscriberCallback(const sensor_msgs::msg::Image::ConstPtr &input_msg\x1b[01;35m\x1b[K)\x1b[m\x1b[K;\n'}
[2.227222] (web_video_server) StderrLine: {'line': b'      |                                                                                       \x1b[01;35m\x1b[K^\x1b[m\x1b[K\n'}
[2.227294] (web_video_server) StderrLine: {'line': b'\x1b[01m\x1b[K/opt/ros/jazzy/include/sensor_msgs/sensor_msgs/msg/detail/image__struct.hpp:176:5:\x1b[m\x1b[K \x1b[01;36m\x1b[Knote: \x1b[m\x1b[Kdeclared here\n'}
[2.227372] (web_video_server) StderrLine: {'line': b'  176 |     \x1b[01;36m\x1b[KConstPtr\x1b[m\x1b[K;\n'}
[2.227447] (web_video_server) StderrLine: {'line': b'      |     \x1b[01;36m\x1b[K^~~~~~~~\x1b[m\x1b[K\n'}
[2.227523] (web_video_server) StderrLine: {'line': b'\x1b[01m\x1b[K/home/jcfurey/wvs_ws/src/web_video_server/include/web_video_server/subscribers/pointcloud2_subscriber.hpp:34:85:\x1b[m\x1b[K \x1b[01;35m\x1b[Kwarning: \x1b[m\x1b[K\xe2\x80\x98\x1b[01m\x1b[Ksensor_msgs::msg::PointCloud2_<std::allocator<void> >::ConstPtr\x1b[m\x1b[K\xe2\x80\x99 is deprecated [\x1b[01;35m\x1b[K-Wdeprecated-declarations\x1b[m\x1b[K]\n'}
[2.227609] (web_video_server) StderrLine: {'line': b'   34 |     void subscriberCallback(const sensor_msgs::msg::PointCloud2::ConstPtr &input_msg\x1b[01;35m\x1b[K)\x1b[m\x1b[K;\n'}
[2.227691] (web_video_server) StderrLine: {'line': b'      |                                                                                     \x1b[01;35m\x1b[K^\x1b[m\x1b[K\n'}
[2.227771] (web_video_server) StderrLine: {'line': b'In file included from \x1b[01m\x1b[K/opt/ros/jazzy/include/sensor_msgs/sensor_msgs/msg/point_cloud2.hpp:7\x1b[m\x1b[K,\n'}
[2.227846] (web_video_server) StderrLine: {'line': b'                 from \x1b[01m\x1b[K/home/jcfurey/wvs_ws/src/web_video_server/include/web_video_server/subscribers/pointcloud2_subscriber.hpp:7\x1b[m\x1b[K:\n'}
[2.227930] (web_video_server) StderrLine: {'line': b'\x1b[01m\x1b[K/opt/ros/jazzy/include/sensor_msgs/sensor_msgs/msg/detail/point_cloud2__struct.hpp:197:5:\x1b[m\x1b[K \x1b[01;36m\x1b[Knote: \x1b[m\x1b[Kdeclared here\n'}
[2.228017] (web_video_server) StderrLine: {'line': b'  197 |     \x1b[01;36m\x1b[KConstPtr\x1b[m\x1b[K;\n'}
[2.228093] (web_video_server) StderrLine: {'line': b'      |     \x1b[01;36m\x1b[K^~~~~~~~\x1b[m\x1b[K\n'}
[2.228168] (web_video_server) StderrLine: {'line': b'\x1b[01m\x1b[K/home/jcfurey/wvs_ws/src/web_video_server/include/web_video_server/subscribers/ros_subscriber.hpp:30:18:\x1b[m\x1b[K \x1b[01;35m\x1b[Kwarning: \x1b[m\x1b[K\xe2\x80\x98\x1b[01m\x1b[Kvirtual void web_video_server::RosSubscriber::\x1b[01;32m\x1b[KsubscriberCallback\x1b[m\x1b[K(const sensor_msgs::msg::Image_<std::allocator<void> >::ConstPtr&)\x1b[m\x1b[K\xe2\x80\x99 was hidden [\x1b[01;35m\x1b[K-Woverloaded-virtual=\x1b[m\x1b[K]\n'}
[2.228247] (web_video_server) StderrLine: {'line': b'   30 |     virtual void \x1b[01;35m\x1b[KsubscriberCallback\x1b[m\x1b[K(const sensor_msgs::msg::Image::ConstPtr &input_msg);\n'}
[2.228330] (web_video_server) StderrLine: {'line': b'      |                  \x1b[01;35m\x1b[K^~~~~~~~~~~~~~~~~~\x1b[m\x1b[K\n'}
[2.228409] (web_video_server) StderrLine: {'line': b'\x1b[01m\x1b[K/home/jcfurey/wvs_ws/src/web_video_server/include/web_video_server/subscribers/pointcloud2_subscriber.hpp:34:10:\x1b[m\x1b[K \x1b[01;36m\x1b[Knote: \x1b[m\x1b[K  by \xe2\x80\x98\x1b[01m\x1b[Kvoid web_video_server::PointCloud2Subscriber::\x1b[01;32m\x1b[KsubscriberCallback\x1b[m\x1b[K(const sensor_msgs::msg::PointCloud2_<std::allocator<void> >::ConstPtr&)\x1b[m\x1b[K\xe2\x80\x99\n'}
[2.228495] (web_video_server) StderrLine: {'line': b'   34 |     void \x1b[01;36m\x1b[KsubscriberCallback\x1b[m\x1b[K(const sensor_msgs::msg::PointCloud2::ConstPtr &input_msg);\n'}
[2.228571] (web_video_server) StderrLine: {'line': b'      |          \x1b[01;36m\x1b[K^~~~~~~~~~~~~~~~~~\x1b[m\x1b[K\n'}
[2.228647] (web_video_server) StderrLine: {'line': b'In file included from \x1b[01m\x1b[K/home/jcfurey/wvs_ws/src/web_video_server/include/web_video_server/image_streamer.hpp:45\x1b[m\x1b[K:\n'}
[2.228722] (web_video_server) StderrLine: {'line': b'\x1b[01m\x1b[K/home/jcfurey/wvs_ws/src/web_video_server/include/web_video_server/subscribers/image_transport_subscriber.hpp:24:79:\x1b[m\x1b[K \x1b[01;35m\x1b[Kwarning: \x1b[m\x1b[K\xe2\x80\x98\x1b[01m\x1b[Ksensor_msgs::msg::Image_<std::allocator<void> >::ConstPtr\x1b[m\x1b[K\xe2\x80\x99 is deprecated [\x1b[01;35m\x1b[K-Wdeprecated-declarations\x1b[m\x1b[K]\n'}
[2.228804] (web_video_server) StderrLine: {'line': b'   24 |     void subscriberCallback(const sensor_msgs::msg::Image::ConstPtr &input_msg\x1b[01;35m\x1b[K)\x1b[m\x1b[K;\n'}
[2.228879] (web_video_server) StderrLine: {'line': b'      |                                                                               \x1b[01;35m\x1b[K^\x1b[m\x1b[K\n'}
[2.228960] (web_video_server) StderrLine: {'line': b'\x1b[01m\x1b[K/opt/ros/jazzy/include/sensor_msgs/sensor_msgs/msg/detail/image__struct.hpp:176:5:\x1b[m\x1b[K \x1b[01;36m\x1b[Knote: \x1b[m\x1b[Kdeclared here\n'}
[2.229035] (web_video_server) StderrLine: {'line': b'  176 |     \x1b[01;36m\x1b[KConstPtr\x1b[m\x1b[K;\n'}
[2.229115] (web_video_server) StderrLine: {'line': b'      |     \x1b[01;36m\x1b[K^~~~~~~~\x1b[m\x1b[K\n'}
[2.229191] (web_video_server) StderrLine: {'line': b'In file included from \x1b[01m\x1b[K/home/jcfurey/wvs_ws/src/web_video_server/include/web_video_server/web_video_server.hpp:46\x1b[m\x1b[K:\n'}
[2.229262] (web_video_server) StderrLine: {'line': b'\x1b[01m\x1b[K/home/jcfurey/wvs_ws/src/web_video_server/include/web_video_server/rtsp_streamer.hpp:106:67:\x1b[m\x1b[K \x1b[01;35m\x1b[Kwarning: \x1b[m\x1b[K\xe2\x80\x98\x1b[01m\x1b[Ksensor_msgs::msg::Image_<std::allocator<void> >::ConstPtr\x1b[m\x1b[K\xe2\x80\x99 is deprecated [\x1b[01;35m\x1b[K-Wdeprecated-declarations\x1b[m\x1b[K]\n'}
[2.229337] (web_video_server) StderrLine: {'line': b'  106 |   void imageCallback(const sensor_msgs::msg::Image::ConstPtr & msg\x1b[01;35m\x1b[K)\x1b[m\x1b[K;\n'}
[2.229411] (web_video_server) StderrLine: {'line': b'      |                                                                   \x1b[01;35m\x1b[K^\x1b[m\x1b[K\n'}
[2.229486] (web_video_server) StderrLine: {'line': b'\x1b[01m\x1b[K/opt/ros/jazzy/include/sensor_msgs/sensor_msgs/msg/detail/image__struct.hpp:176:5:\x1b[m\x1b[K \x1b[01;36m\x1b[Knote: \x1b[m\x1b[Kdeclared here\n'}
[2.229561] (web_video_server) StderrLine: {'line': b'  176 |     \x1b[01;36m\x1b[KConstPtr\x1b[m\x1b[K;\n'}
[2.229636] (web_video_server) StderrLine: {'line': b'      |     \x1b[01;36m\x1b[K^~~~~~~~\x1b[m\x1b[K\n'}
[2.229711] (web_video_server) StderrLine: {'line': b'In file included from \x1b[01m\x1b[K/home/jcfurey/wvs_ws/src/web_video_server/include/web_video_server/subscribers/pointcloud2_subscriber.hpp:18\x1b[m\x1b[K,\n'}
[2.229794] (web_video_server) StderrLine: {'line': b'                 from \x1b[01m\x1b[K/home/jcfurey/wvs_ws/src/web_video_server/include/web_video_server/image_streamer.hpp:44\x1b[m\x1b[K,\n'}
[2.229874] (web_video_server) StderrLine: {'line': b'                 from \x1b[01m\x1b[K/home/jcfurey/wvs_ws/src/web_video_server/include/web_video_server/png_streamers.hpp:36\x1b[m\x1b[K,\n'}
[2.229957] (web_video_server) StderrLine: {'line': b'                 from \x1b[01m\x1b[K/home/jcfurey/wvs_ws/src/web_video_server/src/png_streamers.cpp:30\x1b[m\x1b[K:\n'}
[2.230034] (web_video_server) StderrLine: {'line': b'\x1b[01m\x1b[K/home/jcfurey/wvs_ws/src/web_video_server/include/web_video_server/subscribers/ros_subscriber.hpp:16:70:\x1b[m\x1b[K \x1b[01;35m\x1b[Kwarning: \x1b[m\x1b[K\xe2\x80\x98\x1b[01m\x1b[Ksensor_msgs::msg::Image_<std::allocator<void> >::ConstPtr\x1b[m\x1b[K\xe2\x80\x99 is deprecated [\x1b[01;35m\x1b[K-Wdeprecated-declarations\x1b[m\x1b[K]\n'}
[2.230119] (web_video_server) StderrLine: {'line': b'   16 |   typedef std::function<void(const sensor_msgs::msg::Image::ConstPtr&\x1b[01;35m\x1b[K)\x1b[m\x1b[K> ImageCallback;\n'}
[2.230201] (web_video_server) StderrLine: {'line': b'      |                                                                      \x1b[01;35m\x1b[K^\x1b[m\x1b[K\n'}
[2.230278] (web_video_server) StderrLine: {'line': b'In file included from \x1b[01m\x1b[K/opt/ros/jazzy/include/sensor_msgs/sensor_msgs/msg/image.hpp:7\x1b[m\x1b[K,\n'}
[2.230355] (web_video_server) StderrLine: {'line': b'                 from \x1b[01m\x1b[K/opt/ros/jazzy/include/image_transport/image_transport/camera_publisher.hpp:38\x1b[m\x1b[K,\n'}
[2.230431] (web_video_server) StderrLine: {'line': b'                 from \x1b[01m\x1b[K/opt/ros/jazzy/include/image_transport/image_transport/image_transport.hpp:39\x1b[m\x1b[K,\n'}
[2.230508] (web_video_server) StderrLine: {'line': b'                 from \x1b[01m\x1b[K/home/jcfurey/wvs_ws/src/web_video_server/include/web_video_server/png_streamers.hpp:35\x1b[m\x1b[K:\n'}
[2.230586] (web_video_server) StderrLine: {'line': b'\x1b[01m\x1b[K/opt/ros/jazzy/include/sensor_msgs/sensor_msgs/msg/detail/image__struct.hpp:176:5:\x1b[m\x1b[K \x1b[01;36m\x1b[Knote: \x1b[m\x1b[Kdeclared here\n'}
[2.230662] (web_video_server) StderrLine: {'line': b'  176 |     \x1b[01;36m\x1b[KConstPtr\x1b[m\x1b[K;\n'}
[2.230747] (web_video_server) StderrLine: {'line': b'      |     \x1b[01;36m\x1b[K^~~~~~~~\x1b[m\x1b[K\n'}
[2.230826] (web_video_server) StderrLine: {'line': b'\x1b[01m\x1b[K/home/jcfurey/wvs_ws/src/web_video_server/include/web_video_server/subscribers/ros_subscriber.hpp:30:87:\x1b[m\x1b[K \x1b[01;35m\x1b[Kwarning: \x1b[m\x1b[K\xe2\x80\x98\x1b[01m\x1b[Ksensor_msgs::msg::Image_<std::allocator<void> >::ConstPtr\x1b[m\x1b[K\xe2\x80\x99 is deprecated [\x1b[01;35m\x1b[K-Wdeprecated-declarations\x1b[m\x1b[K]\n'}
[2.230916] (web_video_server) StderrLine: {'line': b'   30 |     virtual void subscriberCallback(const sensor_msgs::msg::Image::ConstPtr &input_msg\x1b[01;35m\x1b[K)\x1b[m\x1b[K;\n'}
[2.231004] (web_video_server) StderrLine: {'line': b'      |                                                                                       \x1b[01;35m\x1b[K^\x1b[m\x1b[K\n'}
[2.231083] (web_video_server) StderrLine: {'line': b'\x1b[01m\x1b[K/opt/ros/jazzy/include/sensor_msgs/sensor_msgs/msg/detail/image__struct.hpp:176:5:\x1b[m\x1b[K \x1b[01;36m\x1b[Knote: \x1b[m\x1b[Kdeclared here\n'}
[2.231159] (web_video_server) StderrLine: {'line': b'  176 |     \x1b[01;36m\x1b[KConstPtr\x1b[m\x1b[K;\n'}
[2.231234] (web_video_server) StderrLine: {'line': b'      |     \x1b[01;36m\x1b[K^~~~~~~~\x1b[m\x1b[K\n'}
[2.231316] (web_video_server) StderrLine: {'line': b'\x1b[01m\x1b[K/home/jcfurey/wvs_ws/src/web_video_server/include/web_video_server/subscribers/pointcloud2_subscriber.hpp:34:85:\x1b[m\x1b[K \x1b[01;35m\x1b[Kwarning: \x1b[m\x1b[K\xe2\x80\x98\x1b[01m\x1b[Ksensor_msgs::msg::PointCloud2_<std::allocator<void> >::ConstPtr\x1b[m\x1b[K\xe2\x80\x99 is deprecated [\x1b[01;35m\x1b[K-Wdeprecated-declarations\x1b[m\x1b[K]\n'}
[2.231395] (web_video_server) StderrLine: {'line': b'   34 |     void subscriberCallback(const sensor_msgs::msg::PointCloud2::ConstPtr &input_msg\x1b[01;35m\x1b[K)\x1b[m\x1b[K;\n'}
[2.231469] (web_video_server) StderrLine: {'line': b'      |                                                                                     \x1b[01;35m\x1b[K^\x1b[m\x1b[K\n'}
[2.231545] (web_video_server) StderrLine: {'line': b'In file included from \x1b[01m\x1b[K/opt/ros/jazzy/include/sensor_msgs/sensor_msgs/msg/point_cloud2.hpp:7\x1b[m\x1b[K,\n'}
[2.231636] (web_video_server) StderrLine: {'line': b'                 from \x1b[01m\x1b[K/home/jcfurey/wvs_ws/src/web_video_server/include/web_video_server/subscribers/pointcloud2_subscriber.hpp:7\x1b[m\x1b[K:\n'}
[2.231819] (web_video_server) StderrLine: {'line': b'\x1b[01m\x1b[K/opt/ros/jazzy/include/sensor_msgs/sensor_msgs/msg/detail/point_cloud2__struct.hpp:197:5:\x1b[m\x1b[K \x1b[01;36m\x1b[Knote: \x1b[m\x1b[Kdeclared here\n'}
[2.231943] (web_video_server) StderrLine: {'line': b'  197 |     \x1b[01;36m\x1b[KConstPtr\x1b[m\x1b[K;\n'}
[2.232060] (web_video_server) StderrLine: {'line': b'      |     \x1b[01;36m\x1b[K^~~~~~~~\x1b[m\x1b[K\n'}
[2.232155] (web_video_server) StderrLine: {'line': b'In file included from \x1b[01m\x1b[K/home/jcfurey/wvs_ws/src/web_video_server/include/web_video_server/image_streamer.hpp:45\x1b[m\x1b[K:\n'}
[2.232249] (web_video_server) StderrLine: {'line': b'\x1b[01m\x1b[K/home/jcfurey/wvs_ws/src/web_video_server/include/web_video_server/subscribers/image_transport_subscriber.hpp:24:79:\x1b[m\x1b[K \x1b[01;35m\x1b[Kwarning: \x1b[m\x1b[K\xe2\x80\x98\x1b[01m\x1b[Ksensor_msgs::msg::Image_<std::allocator<void> >::ConstPtr\x1b[m\x1b[K\xe2\x80\x99 is deprecated [\x1b[01;35m\x1b[K-Wdeprecated-declarations\x1b[m\x1b[K]\n'}
[2.232356] (web_video_server) StderrLine: {'line': b'   24 |     void subscriberCallback(const sensor_msgs::msg::Image::ConstPtr &input_msg\x1b[01;35m\x1b[K)\x1b[m\x1b[K;\n'}
[2.232463] (web_video_server) StderrLine: {'line': b'      |                                                                               \x1b[01;35m\x1b[K^\x1b[m\x1b[K\n'}
[2.232563] (web_video_server) StderrLine: {'line': b'\x1b[01m\x1b[K/opt/ros/jazzy/include/sensor_msgs/sensor_msgs/msg/detail/image__struct.hpp:176:5:\x1b[m\x1b[K \x1b[01;36m\x1b[Knote: \x1b[m\x1b[Kdeclared here\n'}
[2.232667] (web_video_server) StderrLine: {'line': b'  176 |     \x1b[01;36m\x1b[KConstPtr\x1b[m\x1b[K;\n'}
[2.232766] (web_video_server) StderrLine: {'line': b'      |     \x1b[01;36m\x1b[K^~~~~~~~\x1b[m\x1b[K\n'}
[2.232864] (web_video_server) StderrLine: {'line': b'In file included from \x1b[01m\x1b[K/home/jcfurey/wvs_ws/src/web_video_server/include/web_video_server/subscribers/pointcloud2_subscriber.hpp:18\x1b[m\x1b[K,\n'}
[2.232965] (web_video_server) StderrLine: {'line': b'                 from \x1b[01m\x1b[K/home/jcfurey/wvs_ws/src/web_video_server/include/web_video_server/image_streamer.hpp:44\x1b[m\x1b[K,\n'}
[2.233061] (web_video_server) StderrLine: {'line': b'                 from \x1b[01m\x1b[K/home/jcfurey/wvs_ws/src/web_video_server/src/image_streamer.cpp:31\x1b[m\x1b[K:\n'}
[2.233160] (web_video_server) StderrLine: {'line': b'\x1b[01m\x1b[K/home/jcfurey/wvs_ws/src/web_video_server/include/web_video_server/subscribers/ros_subscriber.hpp:16:70:\x1b[m\x1b[K \x1b[01;35m\x1b[Kwarning: \x1b[m\x1b[K\xe2\x80\x98\x1b[01m\x1b[Ksensor_msgs::msg::Image_<std::allocator<void> >::ConstPtr\x1b[m\x1b[K\xe2\x80\x99 is deprecated [\x1b[01;35m\x1b[K-Wdeprecated-declarations\x1b[m\x1b[K]\n'}
[2.233267] (web_video_server) StderrLine: {'line': b'   16 |   typedef std::function<void(const sensor_msgs::msg::Image::ConstPtr&\x1b[01;35m\x1b[K)\x1b[m\x1b[K> ImageCallback;\n'}
[2.233360] (web_video_server) StderrLine: {'line': b'      |                                                                      \x1b[01;35m\x1b[K^\x1b[m\x1b[K\n'}
[2.233457] (web_video_server) StderrLine: {'line': b'In file included from \x1b[01m\x1b[K/opt/ros/jazzy/include/sensor_msgs/sensor_msgs/msg/image.hpp:7\x1b[m\x1b[K,\n'}
[2.233549] (web_video_server) StderrLine: {'line': b'                 from \x1b[01m\x1b[K/home/jcfurey/wvs_ws/src/web_video_server/include/web_video_server/subscribers/pointcloud2_subscriber.hpp:5\x1b[m\x1b[K:\n'}
[2.233644] (web_video_server) StderrLine: {'line': b'\x1b[01m\x1b[K/opt/ros/jazzy/include/sensor_msgs/sensor_msgs/msg/detail/image__struct.hpp:176:5:\x1b[m\x1b[K \x1b[01;36m\x1b[Knote: \x1b[m\x1b[Kdeclared here\n'}
[2.233743] (web_video_server) StderrLine: {'line': b'  176 |     \x1b[01;36m\x1b[KConstPtr\x1b[m\x1b[K;\n'}
[2.233836] (web_video_server) StderrLine: {'line': b'      |     \x1b[01;36m\x1b[K^~~~~~~~\x1b[m\x1b[K\n'}
[2.233929] (web_video_server) StderrLine: {'line': b'\x1b[01m\x1b[K/home/jcfurey/wvs_ws/src/web_video_server/include/web_video_server/subscribers/ros_subscriber.hpp:30:87:\x1b[m\x1b[K \x1b[01;35m\x1b[Kwarning: \x1b[m\x1b[K\xe2\x80\x98\x1b[01m\x1b[Ksensor_msgs::msg::Image_<std::allocator<void> >::ConstPtr\x1b[m\x1b[K\xe2\x80\x99 is deprecated [\x1b[01;35m\x1b[K-Wdeprecated-declarations\x1b[m\x1b[K]\n'}
[2.234034] (web_video_server) StderrLine: {'line': b'   30 |     virtual void subscriberCallback(const sensor_msgs::msg::Image::ConstPtr &input_msg\x1b[01;35m\x1b[K)\x1b[m\x1b[K;\n'}
[2.234136] (web_video_server) StderrLine: {'line': b'      |                                                                                       \x1b[01;35m\x1b[K^\x1b[m\x1b[K\n'}
[2.234229] (web_video_server) StderrLine: {'line': b'\x1b[01m\x1b[K/opt/ros/jazzy/include/sensor_msgs/sensor_msgs/msg/detail/image__struct.hpp:176:5:\x1b[m\x1b[K \x1b[01;36m\x1b[Knote: \x1b[m\x1b[Kdeclared here\n'}
[2.234323] (web_video_server) StderrLine: {'line': b'  176 |     \x1b[01;36m\x1b[KConstPtr\x1b[m\x1b[K;\n'}
[2.234416] (web_video_server) StderrLine: {'line': b'      |     \x1b[01;36m\x1b[K^~~~~~~~\x1b[m\x1b[K\n'}
[2.234511] (web_video_server) StderrLine: {'line': b'\x1b[01m\x1b[K/home/jcfurey/wvs_ws/src/web_video_server/include/web_video_server/subscribers/pointcloud2_subscriber.hpp:34:85:\x1b[m\x1b[K \x1b[01;35m\x1b[Kwarning: \x1b[m\x1b[K\xe2\x80\x98\x1b[01m\x1b[Ksensor_msgs::msg::PointCloud2_<std::allocator<void> >::ConstPtr\x1b[m\x1b[K\xe2\x80\x99 is deprecated [\x1b[01;35m\x1b[K-Wdeprecated-declarations\x1b[m\x1b[K]\n'}
[2.234608] (web_video_server) StderrLine: {'line': b'   34 |     void subscriberCallback(const sensor_msgs::msg::PointCloud2::ConstPtr &input_msg\x1b[01;35m\x1b[K)\x1b[m\x1b[K;\n'}
[2.234709] (web_video_server) StderrLine: {'line': b'      |                                                                                     \x1b[01;35m\x1b[K^\x1b[m\x1b[K\n'}
[2.234807] (web_video_server) StderrLine: {'line': b'In file included from \x1b[01m\x1b[K/opt/ros/jazzy/include/sensor_msgs/sensor_msgs/msg/point_cloud2.hpp:7\x1b[m\x1b[K,\n'}
[2.234897] (web_video_server) StderrLine: {'line': b'                 from \x1b[01m\x1b[K/home/jcfurey/wvs_ws/src/web_video_server/include/web_video_server/subscribers/pointcloud2_subscriber.hpp:7\x1b[m\x1b[K:\n'}
[2.235000] (web_video_server) StderrLine: {'line': b'\x1b[01m\x1b[K/opt/ros/jazzy/include/sensor_msgs/sensor_msgs/msg/detail/point_cloud2__struct.hpp:197:5:\x1b[m\x1b[K \x1b[01;36m\x1b[Knote: \x1b[m\x1b[Kdeclared here\n'}
[2.235092] (web_video_server) StderrLine: {'line': b'  197 |     \x1b[01;36m\x1b[KConstPtr\x1b[m\x1b[K;\n'}
[2.235183] (web_video_server) StderrLine: {'line': b'      |     \x1b[01;36m\x1b[K^~~~~~~~\x1b[m\x1b[K\n'}
[2.235273] (web_video_server) StderrLine: {'line': b'\x1b[01m\x1b[K/home/jcfurey/wvs_ws/src/web_video_server/include/web_video_server/subscribers/ros_subscriber.hpp:30:18:\x1b[m\x1b[K \x1b[01;35m\x1b[Kwarning: \x1b[m\x1b[K\xe2\x80\x98\x1b[01m\x1b[Kvirtual void web_video_server::RosSubscriber::\x1b[01;32m\x1b[KsubscriberCallback\x1b[m\x1b[K(const sensor_msgs::msg::Image_<std::allocator<void> >::ConstPtr&)\x1b[m\x1b[K\xe2\x80\x99 was hidden [\x1b[01;35m\x1b[K-Woverloaded-virtual=\x1b[m\x1b[K]\n'}
[2.235366] (web_video_server) StderrLine: {'line': b'   30 |     virtual void \x1b[01;35m\x1b[KsubscriberCallback\x1b[m\x1b[K(const sensor_msgs::msg::Image::ConstPtr &input_msg);\n'}
[2.235458] (web_video_server) StderrLine: {'line': b'      |                  \x1b[01;35m\x1b[K^~~~~~~~~~~~~~~~~~\x1b[m\x1b[K\n'}
[2.235549] (web_video_server) StderrLine: {'line': b'\x1b[01m\x1b[K/home/jcfurey/wvs_ws/src/web_video_server/include/web_video_server/subscribers/pointcloud2_subscriber.hpp:34:10:\x1b[m\x1b[K \x1b[01;36m\x1b[Knote: \x1b[m\x1b[K  by \xe2\x80\x98\x1b[01m\x1b[Kvoid web_video_server::PointCloud2Subscriber::\x1b[01;32m\x1b[KsubscriberCallback\x1b[m\x1b[K(const sensor_msgs::msg::PointCloud2_<std::allocator<void> >::ConstPtr&)\x1b[m\x1b[K\xe2\x80\x99\n'}
[2.235642] (web_video_server) StderrLine: {'line': b'   34 |     void \x1b[01;36m\x1b[KsubscriberCallback\x1b[m\x1b[K(const sensor_msgs::msg::PointCloud2::ConstPtr &input_msg);\n'}
[2.235733] (web_video_server) StderrLine: {'line': b'      |          \x1b[01;36m\x1b[K^~~~~~~~~~~~~~~~~~\x1b[m\x1b[K\n'}
[2.235832] (web_video_server) StderrLine: {'line': b'In file included from \x1b[01m\x1b[K/home/jcfurey/wvs_ws/src/web_video_server/include/web_video_server/image_streamer.hpp:45\x1b[m\x1b[K:\n'}
[2.235923] (web_video_server) StderrLine: {'line': b'\x1b[01m\x1b[K/home/jcfurey/wvs_ws/src/web_video_server/include/web_video_server/subscribers/image_transport_subscriber.hpp:24:79:\x1b[m\x1b[K \x1b[01;35m\x1b[Kwarning: \x1b[m\x1b[K\xe2\x80\x98\x1b[01m\x1b[Ksensor_msgs::msg::Image_<std::allocator<void> >::ConstPtr\x1b[m\x1b[K\xe2\x80\x99 is deprecated [\x1b[01;35m\x1b[K-Wdeprecated-declarations\x1b[m\x1b[K]\n'}
[2.236033] (web_video_server) StderrLine: {'line': b'   24 |     void subscriberCallback(const sensor_msgs::msg::Image::ConstPtr &input_msg\x1b[01;35m\x1b[K)\x1b[m\x1b[K;\n'}
[2.236126] (web_video_server) StderrLine: {'line': b'      |                                                                               \x1b[01;35m\x1b[K^\x1b[m\x1b[K\n'}
[2.236218] (web_video_server) StderrLine: {'line': b'\x1b[01m\x1b[K/opt/ros/jazzy/include/sensor_msgs/sensor_msgs/msg/detail/image__struct.hpp:176:5:\x1b[m\x1b[K \x1b[01;36m\x1b[Knote: \x1b[m\x1b[Kdeclared here\n'}
[2.236315] (web_video_server) StderrLine: {'line': b'  176 |     \x1b[01;36m\x1b[KConstPtr\x1b[m\x1b[K;\n'}
[2.236407] (web_video_server) StderrLine: {'line': b'      |     \x1b[01;36m\x1b[K^~~~~~~~\x1b[m\x1b[K\n'}
[2.236500] (web_video_server) StderrLine: {'line': b'In file included from \x1b[01m\x1b[K/home/jcfurey/wvs_ws/src/web_video_server/include/web_video_server/subscribers/image_transport_subscriber.hpp:8\x1b[m\x1b[K,\n'}
[2.236598] (web_video_server) StderrLine: {'line': b'                 from \x1b[01m\x1b[K/home/jcfurey/wvs_ws/src/web_video_server/include/web_video_server/rtsp_streamer.hpp:57\x1b[m\x1b[K,\n'}
[2.236691] (web_video_server) StderrLine: {'line': b'                 from \x1b[01m\x1b[K/home/jcfurey/wvs_ws/src/web_video_server/src/rtsp_streamer.cpp:30\x1b[m\x1b[K:\n'}
[2.236792] (web_video_server) StderrLine: {'line': b'\x1b[01m\x1b[K/home/jcfurey/wvs_ws/src/web_video_server/include/web_video_server/subscribers/ros_subscriber.hpp:16:70:\x1b[m\x1b[K \x1b[01;35m\x1b[Kwarning: \x1b[m\x1b[K\xe2\x80\x98\x1b[01m\x1b[Ksensor_msgs::msg::Image_<std::allocator<void> >::ConstPtr\x1b[m\x1b[K\xe2\x80\x99 is deprecated [\x1b[01;35m\x1b[K-Wdeprecated-declarations\x1b[m\x1b[K]\n'}
[2.236888] (web_video_server) StderrLine: {'line': b'   16 |   typedef std::function<void(const sensor_msgs::msg::Image::ConstPtr&\x1b[01;35m\x1b[K)\x1b[m\x1b[K> ImageCallback;\n'}
[2.236992] (web_video_server) StderrLine: {'line': b'      |                                                                      \x1b[01;35m\x1b[K^\x1b[m\x1b[K\n'}
[2.237089] (web_video_server) StderrLine: {'line': b'In file included from \x1b[01m\x1b[K/opt/ros/jazzy/include/sensor_msgs/sensor_msgs/msg/image.hpp:7\x1b[m\x1b[K,\n'}
[2.237189] (web_video_server) StderrLine: {'line': b'                 from \x1b[01m\x1b[K/home/jcfurey/wvs_ws/src/web_video_server/include/web_video_server/rtsp_streamer.hpp:56\x1b[m\x1b[K:\n'}
[2.237281] (web_video_server) StderrLine: {'line': b'\x1b[01m\x1b[K/opt/ros/jazzy/include/sensor_msgs/sensor_msgs/msg/detail/image__struct.hpp:176:5:\x1b[m\x1b[K \x1b[01;36m\x1b[Knote: \x1b[m\x1b[Kdeclared here\n'}
[2.237377] (web_video_server) StderrLine: {'line': b'  176 |     \x1b[01;36m\x1b[KConstPtr\x1b[m\x1b[K;\n'}
[2.237470] (web_video_server) StderrLine: {'line': b'      |     \x1b[01;36m\x1b[K^~~~~~~~\x1b[m\x1b[K\n'}
[2.237563] (web_video_server) StderrLine: {'line': b'\x1b[01m\x1b[K/home/jcfurey/wvs_ws/src/web_video_server/include/web_video_server/subscribers/ros_subscriber.hpp:30:87:\x1b[m\x1b[K \x1b[01;35m\x1b[Kwarning: \x1b[m\x1b[K\xe2\x80\x98\x1b[01m\x1b[Ksensor_msgs::msg::Image_<std::allocator<void> >::ConstPtr\x1b[m\x1b[K\xe2\x80\x99 is deprecated [\x1b[01;35m\x1b[K-Wdeprecated-declarations\x1b[m\x1b[K]\n'}
[2.237659] (web_video_server) StderrLine: {'line': b'   30 |     virtual void subscriberCallback(const sensor_msgs::msg::Image::ConstPtr &input_msg\x1b[01;35m\x1b[K)\x1b[m\x1b[K;\n'}
[2.237763] (web_video_server) StderrLine: {'line': b'      |                                                                                       \x1b[01;35m\x1b[K^\x1b[m\x1b[K\n'}
[2.237860] (web_video_server) StderrLine: {'line': b'\x1b[01m\x1b[K/opt/ros/jazzy/include/sensor_msgs/sensor_msgs/msg/detail/image__struct.hpp:176:5:\x1b[m\x1b[K \x1b[01;36m\x1b[Knote: \x1b[m\x1b[Kdeclared here\n'}
[2.237961] (web_video_server) StderrLine: {'line': b'  176 |     \x1b[01;36m\x1b[KConstPtr\x1b[m\x1b[K;\n'}
[2.238059] (web_video_server) StderrLine: {'line': b'      |     \x1b[01;36m\x1b[K^~~~~~~~\x1b[m\x1b[K\n'}
[2.238148] (web_video_server) StderrLine: {'line': b'\x1b[01m\x1b[K/home/jcfurey/wvs_ws/src/web_video_server/include/web_video_server/subscribers/image_transport_subscriber.hpp:24:79:\x1b[m\x1b[K \x1b[01;35m\x1b[Kwarning: \x1b[m\x1b[K\xe2\x80\x98\x1b[01m\x1b[Ksensor_msgs::msg::Image_<std::allocator<void> >::ConstPtr\x1b[m\x1b[K\xe2\x80\x99 is deprecated [\x1b[01;35m\x1b[K-Wdeprecated-declarations\x1b[m\x1b[K]\n'}
[2.238243] (web_video_server) StderrLine: {'line': b'   24 |     void subscriberCallback(const sensor_msgs::msg::Image::ConstPtr &input_msg\x1b[01;35m\x1b[K)\x1b[m\x1b[K;\n'}
[2.238337] (web_video_server) StderrLine: {'line': b'      |                                                                               \x1b[01;35m\x1b[K^\x1b[m\x1b[K\n'}
[2.238431] (web_video_server) StderrLine: {'line': b'\x1b[01m\x1b[K/opt/ros/jazzy/include/sensor_msgs/sensor_msgs/msg/detail/image__struct.hpp:176:5:\x1b[m\x1b[K \x1b[01;36m\x1b[Knote: \x1b[m\x1b[Kdeclared here\n'}
[2.238533] (web_video_server) StderrLine: {'line': b'  176 |     \x1b[01;36m\x1b[KConstPtr\x1b[m\x1b[K;\n'}
[2.238625] (web_video_server) StderrLine: {'line': b'      |     \x1b[01;36m\x1b[K^~~~~~~~\x1b[m\x1b[K\n'}
[2.238719] (web_video_server) StderrLine: {'line': b'In file included from \x1b[01m\x1b[K/home/jcfurey/wvs_ws/src/web_video_server/include/web_video_server/rtsp_streamer.hpp:58\x1b[m\x1b[K:\n'}
[2.238816] (web_video_server) StderrLine: {'line': b'\x1b[01m\x1b[K/home/jcfurey/wvs_ws/src/web_video_server/include/web_video_server/subscribers/pointcloud2_subscriber.hpp:34:85:\x1b[m\x1b[K \x1b[01;35m\x1b[Kwarning: \x1b[m\x1b[K\xe2\x80\x98\x1b[01m\x1b[Ksensor_msgs::msg::PointCloud2_<std::allocator<void> >::ConstPtr\x1b[m\x1b[K\xe2\x80\x99 is deprecated [\x1b[01;35m\x1b[K-Wdeprecated-declarations\x1b[m\x1b[K]\n'}
[2.238916] (web_video_server) StderrLine: {'line': b'   34 |     void subscriberCallback(const sensor_msgs::msg::PointCloud2::ConstPtr &input_msg\x1b[01;35m\x1b[K)\x1b[m\x1b[K;\n'}
[2.239026] (web_video_server) StderrLine: {'line': b'      |                                                                                     \x1b[01;35m\x1b[K^\x1b[m\x1b[K\n'}
[2.239118] (web_video_server) StderrLine: {'line': b'In file included from \x1b[01m\x1b[K/opt/ros/jazzy/include/sensor_msgs/sensor_msgs/msg/point_cloud2.hpp:7\x1b[m\x1b[K,\n'}
[2.239208] (web_video_server) StderrLine: {'line': b'                 from \x1b[01m\x1b[K/home/jcfurey/wvs_ws/src/web_video_server/include/web_video_server/subscribers/pointcloud2_subscriber.hpp:7\x1b[m\x1b[K:\n'}
[2.239299] (web_video_server) StderrLine: {'line': b'\x1b[01m\x1b[K/opt/ros/jazzy/include/sensor_msgs/sensor_msgs/msg/detail/point_cloud2__struct.hpp:197:5:\x1b[m\x1b[K \x1b[01;36m\x1b[Knote: \x1b[m\x1b[Kdeclared here\n'}
[2.239392] (web_video_server) StderrLine: {'line': b'  197 |     \x1b[01;36m\x1b[KConstPtr\x1b[m\x1b[K;\n'}
[2.239482] (web_video_server) StderrLine: {'line': b'      |     \x1b[01;36m\x1b[K^~~~~~~~\x1b[m\x1b[K\n'}
[2.239571] (web_video_server) StderrLine: {'line': b'\x1b[01m\x1b[K/home/jcfurey/wvs_ws/src/web_video_server/include/web_video_server/rtsp_streamer.hpp:106:67:\x1b[m\x1b[K \x1b[01;35m\x1b[Kwarning: \x1b[m\x1b[K\xe2\x80\x98\x1b[01m\x1b[Ksensor_msgs::msg::Image_<std::allocator<void> >::ConstPtr\x1b[m\x1b[K\xe2\x80\x99 is deprecated [\x1b[01;35m\x1b[K-Wdeprecated-declarations\x1b[m\x1b[K]\n'}
[2.239672] (web_video_server) StderrLine: {'line': b'  106 |   void imageCallback(const sensor_msgs::msg::Image::ConstPtr & msg\x1b[01;35m\x1b[K)\x1b[m\x1b[K;\n'}
[2.239772] (web_video_server) StderrLine: {'line': b'      |                                                                   \x1b[01;35m\x1b[K^\x1b[m\x1b[K\n'}
[2.239863] (web_video_server) StderrLine: {'line': b'\x1b[01m\x1b[K/opt/ros/jazzy/include/sensor_msgs/sensor_msgs/msg/detail/image__struct.hpp:176:5:\x1b[m\x1b[K \x1b[01;36m\x1b[Knote: \x1b[m\x1b[Kdeclared here\n'}
[2.239969] (web_video_server) StderrLine: {'line': b'  176 |     \x1b[01;36m\x1b[KConstPtr\x1b[m\x1b[K;\n'}
[2.240059] (web_video_server) StderrLine: {'line': b'      |     \x1b[01;36m\x1b[K^~~~~~~~\x1b[m\x1b[K\n'}
[2.240153] (web_video_server) StderrLine: {'line': b'\x1b[01m\x1b[K/home/jcfurey/wvs_ws/src/web_video_server/src/rtsp_streamer.cpp:\x1b[m\x1b[K In member function \xe2\x80\x98\x1b[01m\x1b[Kvoid web_video_server::RTSPStreamer::\x1b[01;32m\x1b[KhandleOptions\x1b[m\x1b[K(int, const std::string&, const std::string&)\x1b[m\x1b[K\xe2\x80\x99:\n'}
[2.240248] (web_video_server) StderrLine: {'line': b'\x1b[01m\x1b[K/home/jcfurey/wvs_ws/src/web_video_server/src/rtsp_streamer.cpp:383:72:\x1b[m\x1b[K \x1b[01;35m\x1b[Kwarning: \x1b[m\x1b[Kunused parameter \xe2\x80\x98\x1b[01m\x1b[Kuri\x1b[m\x1b[K\xe2\x80\x99 [\x1b[01;35m\x1b[K-Wunused-parameter\x1b[m\x1b[K]\n'}
[2.240342] (web_video_server) StderrLine: {'line': b'  383 | void RTSPStreamer::handleOptions(int client_socket, \x1b[01;35m\x1b[Kconst std::string& uri\x1b[m\x1b[K, const std::string& request)\n'}
[2.240447] (web_video_server) StderrLine: {'line': b'      |                                                     \x1b[01;35m\x1b[K~~~~~~~~~~~~~~~~~~~^~~\x1b[m\x1b[K\n'}
[2.240535] (web_video_server) StderrLine: {'line': b'\x1b[01m\x1b[K/home/jcfurey/wvs_ws/src/web_video_server/src/rtsp_streamer.cpp:\x1b[m\x1b[K In member function \xe2\x80\x98\x1b[01m\x1b[Kvoid web_video_server::RTSPStreamer::\x1b[01;32m\x1b[KhandleDescribe\x1b[m\x1b[K(int, const std::string&, const std::string&)\x1b[m\x1b[K\xe2\x80\x99:\n'}
[2.240632] (web_video_server) StderrLine: {'line': b'\x1b[01m\x1b[K/home/jcfurey/wvs_ws/src/web_video_server/src/rtsp_streamer.cpp:407:73:\x1b[m\x1b[K \x1b[01;35m\x1b[Kwarning: \x1b[m\x1b[Kunused parameter \xe2\x80\x98\x1b[01m\x1b[Kuri\x1b[m\x1b[K\xe2\x80\x99 [\x1b[01;35m\x1b[K-Wunused-parameter\x1b[m\x1b[K]\n'}
[2.240729] (web_video_server) StderrLine: {'line': b'  407 | void RTSPStreamer::handleDescribe(int client_socket, \x1b[01;35m\x1b[Kconst std::string& uri\x1b[m\x1b[K, const std::string& request)\n'}
[2.240822] (web_video_server) StderrLine: {'line': b'      |                                                      \x1b[01;35m\x1b[K~~~~~~~~~~~~~~~~~~~^~~\x1b[m\x1b[K\n'}
[2.240917] (web_video_server) StderrLine: {'line': b'\x1b[01m\x1b[K/home/jcfurey/wvs_ws/src/web_video_server/src/rtsp_streamer.cpp:\x1b[m\x1b[K At global scope:\n'}
[2.241019] (web_video_server) StderrLine: {'line': b'\x1b[01m\x1b[K/home/jcfurey/wvs_ws/src/web_video_server/src/rtsp_streamer.cpp:582:79:\x1b[m\x1b[K \x1b[01;35m\x1b[Kwarning: \x1b[m\x1b[K\xe2\x80\x98\x1b[01m\x1b[Ksensor_msgs::msg::Image_<std::allocator<void> >::ConstPtr\x1b[m\x1b[K\xe2\x80\x99 is deprecated [\x1b[01;35m\x1b[K-Wdeprecated-declarations\x1b[m\x1b[K]\n'}
[2.241114] (web_video_server) StderrLine: {'line': b'  582 | void RTSPStreamer::imageCallback(const sensor_msgs::msg::Image::ConstPtr & msg\x1b[01;35m\x1b[K)\x1b[m\x1b[K\n'}
[2.241208] (web_video_server) StderrLine: {'line': b'      |                                                                               \x1b[01;35m\x1b[K^\x1b[m\x1b[K\n'}
[2.241302] (web_video_server) StderrLine: {'line': b'\x1b[01m\x1b[K/opt/ros/jazzy/include/sensor_msgs/sensor_msgs/msg/detail/image__struct.hpp:176:5:\x1b[m\x1b[K \x1b[01;36m\x1b[Knote: \x1b[m\x1b[Kdeclared here\n'}
[2.241397] (web_video_server) StderrLine: {'line': b'  176 |     \x1b[01;36m\x1b[KConstPtr\x1b[m\x1b[K;\n'}
[2.241488] (web_video_server) StderrLine: {'line': b'      |     \x1b[01;36m\x1b[K^~~~~~~~\x1b[m\x1b[K\n'}
[2.241583] (web_video_server) StderrLine: {'line': b'In file included from \x1b[01m\x1b[K/home/jcfurey/wvs_ws/src/web_video_server/src/subscribers/ros_subscriber.cpp:1\x1b[m\x1b[K:\n'}
[2.241675] (web_video_server) StderrLine: {'line': b'\x1b[01m\x1b[K/home/jcfurey/wvs_ws/src/web_video_server/include/web_video_server/subscribers/ros_subscriber.hpp:16:70:\x1b[m\x1b[K \x1b[01;35m\x1b[Kwarning: \x1b[m\x1b[K\xe2\x80\x98\x1b[01m\x1b[Ksensor_msgs::msg::Image_<std::allocator<void> >::ConstPtr\x1b[m\x1b[K\xe2\x80\x99 is deprecated [\x1b[01;35m\x1b[K-Wdeprecated-declarations\x1b[m\x1b[K]\n'}
[2.241771] (web_video_server) StderrLine: {'line': b'   16 |   typedef std::function<void(const sensor_msgs::msg::Image::ConstPtr&\x1b[01;35m\x1b[K)\x1b[m\x1b[K> ImageCallback;\n'}
[2.241871] (web_video_server) StderrLine: {'line': b'      |                                                                      \x1b[01;35m\x1b[K^\x1b[m\x1b[K\n'}
[2.241975] (web_video_server) StderrLine: {'line': b'In file included from \x1b[01m\x1b[K/opt/ros/jazzy/include/sensor_msgs/sensor_msgs/msg/image.hpp:7\x1b[m\x1b[K,\n'}
[2.242068] (web_video_server) StderrLine: {'line': b'                 from \x1b[01m\x1b[K/home/jcfurey/wvs_ws/src/web_video_server/include/web_video_server/subscribers/ros_subscriber.hpp:8\x1b[m\x1b[K:\n'}
[2.242162] (web_video_server) StderrLine: {'line': b'\x1b[01m\x1b[K/opt/ros/jazzy/include/sensor_msgs/sensor_msgs/msg/detail/image__struct.hpp:176:5:\x1b[m\x1b[K \x1b[01;36m\x1b[Knote: \x1b[m\x1b[Kdeclared here\n'}
[2.242266] (web_video_server) StderrLine: {'line': b'  176 |     \x1b[01;36m\x1b[KConstPtr\x1b[m\x1b[K;\n'}
[2.242359] (web_video_server) StderrLine: {'line': b'      |     \x1b[01;36m\x1b[K^~~~~~~~\x1b[m\x1b[K\n'}
[2.242450] (web_video_server) StderrLine: {'line': b'\x1b[01m\x1b[K/home/jcfurey/wvs_ws/src/web_video_server/include/web_video_server/subscribers/ros_subscriber.hpp:30:87:\x1b[m\x1b[K \x1b[01;35m\x1b[Kwarning: \x1b[m\x1b[K\xe2\x80\x98\x1b[01m\x1b[Ksensor_msgs::msg::Image_<std::allocator<void> >::ConstPtr\x1b[m\x1b[K\xe2\x80\x99 is deprecated [\x1b[01;35m\x1b[K-Wdeprecated-declarations\x1b[m\x1b[K]\n'}
[2.242548] (web_video_server) StderrLine: {'line': b'   30 |     virtual void subscriberCallback(const sensor_msgs::msg::Image::ConstPtr &input_msg\x1b[01;35m\x1b[K)\x1b[m\x1b[K;\n'}
[2.242649] (web_video_server) StderrLine: {'line': b'      |                                                                                       \x1b[01;35m\x1b[K^\x1b[m\x1b[K\n'}
[2.242742] (web_video_server) StderrLine: {'line': b'\x1b[01m\x1b[K/opt/ros/jazzy/include/sensor_msgs/sensor_msgs/msg/detail/image__struct.hpp:176:5:\x1b[m\x1b[K \x1b[01;36m\x1b[Knote: \x1b[m\x1b[Kdeclared here\n'}
[2.242835] (web_video_server) StderrLine: {'line': b'  176 |     \x1b[01;36m\x1b[KConstPtr\x1b[m\x1b[K;\n'}
[2.242930] (web_video_server) StderrLine: {'line': b'      |     \x1b[01;36m\x1b[K^~~~~~~~\x1b[m\x1b[K\n'}
[2.243033] (web_video_server) StderrLine: {'line': b'\x1b[01m\x1b[K/home/jcfurey/wvs_ws/src/web_video_server/src/subscribers/ros_subscriber.cpp:43:90:\x1b[m\x1b[K \x1b[01;35m\x1b[Kwarning: \x1b[m\x1b[K\xe2\x80\x98\x1b[01m\x1b[Ksensor_msgs::msg::Image_<std::allocator<void> >::ConstPtr\x1b[m\x1b[K\xe2\x80\x99 is deprecated [\x1b[01;35m\x1b[K-Wdeprecated-declarations\x1b[m\x1b[K]\n'}
[2.243128] (web_video_server) StderrLine: {'line': b'   43 | void RosSubscriber::subscriberCallback(const sensor_msgs::msg::Image::ConstPtr &input_msg\x1b[01;35m\x1b[K)\x1b[m\x1b[K\n'}
[2.243224] (web_video_server) StderrLine: {'line': b'      |                                                                                          \x1b[01;35m\x1b[K^\x1b[m\x1b[K\n'}
[2.243316] (web_video_server) StderrLine: {'line': b'\x1b[01m\x1b[K/opt/ros/jazzy/include/sensor_msgs/sensor_msgs/msg/detail/image__struct.hpp:176:5:\x1b[m\x1b[K \x1b[01;36m\x1b[Knote: \x1b[m\x1b[Kdeclared here\n'}
[2.243410] (web_video_server) StderrLine: {'line': b'  176 |     \x1b[01;36m\x1b[KConstPtr\x1b[m\x1b[K;\n'}
[2.243504] (web_video_server) StderrLine: {'line': b'      |     \x1b[01;36m\x1b[K^~~~~~~~\x1b[m\x1b[K\n'}
[2.243604] (web_video_server) StderrLine: {'line': b'In file included from \x1b[01m\x1b[K/home/jcfurey/wvs_ws/src/web_video_server/include/web_video_server/subscribers/pointcloud2_subscriber.hpp:18\x1b[m\x1b[K,\n'}
[2.243698] (web_video_server) StderrLine: {'line': b'                 from \x1b[01m\x1b[K/home/jcfurey/wvs_ws/src/web_video_server/include/web_video_server/image_streamer.hpp:44\x1b[m\x1b[K,\n'}
[2.243796] (web_video_server) StderrLine: {'line': b'                 from \x1b[01m\x1b[K/home/jcfurey/wvs_ws/src/web_video_server/include/web_video_server/ros_compressed_streamer.hpp:37\x1b[m\x1b[K,\n'}
[2.243889] (web_video_server) StderrLine: {'line': b'                 from \x1b[01m\x1b[K/home/jcfurey/wvs_ws/src/web_video_server/src/ros_compressed_streamer.cpp:31\x1b[m\x1b[K:\n'}
[2.243989] (web_video_server) StderrLine: {'line': b'\x1b[01m\x1b[K/home/jcfurey/wvs_ws/src/web_video_server/include/web_video_server/subscribers/ros_subscriber.hpp:16:70:\x1b[m\x1b[K \x1b[01;35m\x1b[Kwarning: \x1b[m\x1b[K\xe2\x80\x98\x1b[01m\x1b[Ksensor_msgs::msg::Image_<std::allocator<void> >::ConstPtr\x1b[m\x1b[K\xe2\x80\x99 is deprecated [\x1b[01;35m\x1b[K-Wdeprecated-declarations\x1b[m\x1b[K]\n'}
[2.244083] (web_video_server) StderrLine: {'line': b'   16 |   typedef std::function<void(const sensor_msgs::msg::Image::ConstPtr&\x1b[01;35m\x1b[K)\x1b[m\x1b[K> ImageCallback;\n'}
[2.244175] (web_video_server) StderrLine: {'line': b'      |                                                                      \x1b[01;35m\x1b[K^\x1b[m\x1b[K\n'}
[2.244273] (web_video_server) StderrLine: {'line': b'In file included from \x1b[01m\x1b[K/opt/ros/jazzy/include/sensor_msgs/sensor_msgs/msg/image.hpp:7\x1b[m\x1b[K,\n'}
[2.244362] (web_video_server) StderrLine: {'line': b'                 from \x1b[01m\x1b[K/home/jcfurey/wvs_ws/src/web_video_server/include/web_video_server/subscribers/pointcloud2_subscriber.hpp:5\x1b[m\x1b[K:\n'}
[2.244454] (web_video_server) StderrLine: {'line': b'\x1b[01m\x1b[K/opt/ros/jazzy/include/sensor_msgs/sensor_msgs/msg/detail/image__struct.hpp:176:5:\x1b[m\x1b[K \x1b[01;36m\x1b[Knote: \x1b[m\x1b[Kdeclared here\n'}
[2.244547] (web_video_server) StderrLine: {'line': b'  176 |     \x1b[01;36m\x1b[KConstPtr\x1b[m\x1b[K;\n'}
[2.244637] (web_video_server) StderrLine: {'line': b'      |     \x1b[01;36m\x1b[K^~~~~~~~\x1b[m\x1b[K\n'}
[2.244728] (web_video_server) StderrLine: {'line': b'\x1b[01m\x1b[K/home/jcfurey/wvs_ws/src/web_video_server/include/web_video_server/subscribers/ros_subscriber.hpp:30:87:\x1b[m\x1b[K \x1b[01;35m\x1b[Kwarning: \x1b[m\x1b[K\xe2\x80\x98\x1b[01m\x1b[Ksensor_msgs::msg::Image_<std::allocator<void> >::ConstPtr\x1b[m\x1b[K\xe2\x80\x99 is deprecated [\x1b[01;35m\x1b[K-Wdeprecated-declarations\x1b[m\x1b[K]\n'}
[2.244830] (web_video_server) StderrLine: {'line': b'   30 |     virtual void subscriberCallback(const sensor_msgs::msg::Image::ConstPtr &input_msg\x1b[01;35m\x1b[K)\x1b[m\x1b[K;\n'}
[2.244930] (web_video_server) StderrLine: {'line': b'      |                                                                                       \x1b[01;35m\x1b[K^\x1b[m\x1b[K\n'}
[2.245034] (web_video_server) StderrLine: {'line': b'\x1b[01m\x1b[K/opt/ros/jazzy/include/sensor_msgs/sensor_msgs/msg/detail/image__struct.hpp:176:5:\x1b[m\x1b[K \x1b[01;36m\x1b[Knote: \x1b[m\x1b[Kdeclared here\n'}
[2.245127] (web_video_server) StderrLine: {'line': b'  176 |     \x1b[01;36m\x1b[KConstPtr\x1b[m\x1b[K;\n'}
[2.245220] (web_video_server) StderrLine: {'line': b'      |     \x1b[01;36m\x1b[K^~~~~~~~\x1b[m\x1b[K\n'}
[2.245315] (web_video_server) StderrLine: {'line': b'\x1b[01m\x1b[K/home/jcfurey/wvs_ws/src/web_video_server/include/web_video_server/subscribers/pointcloud2_subscriber.hpp:34:85:\x1b[m\x1b[K \x1b[01;35m\x1b[Kwarning: \x1b[m\x1b[K\xe2\x80\x98\x1b[01m\x1b[Ksensor_msgs::msg::PointCloud2_<std::allocator<void> >::ConstPtr\x1b[m\x1b[K\xe2\x80\x99 is deprecated [\x1b[01;35m\x1b[K-Wdeprecated-declarations\x1b[m\x1b[K]\n'}
[2.245409] (web_video_server) StderrLine: {'line': b'   34 |     void subscriberCallback(const sensor_msgs::msg::PointCloud2::ConstPtr &input_msg\x1b[01;35m\x1b[K)\x1b[m\x1b[K;\n'}
[2.245505] (web_video_server) StderrLine: {'line': b'      |                                                                                     \x1b[01;35m\x1b[K^\x1b[m\x1b[K\n'}
[2.245598] (web_video_server) StderrLine: {'line': b'In file included from \x1b[01m\x1b[K/opt/ros/jazzy/include/sensor_msgs/sensor_msgs/msg/point_cloud2.hpp:7\x1b[m\x1b[K,\n'}
[2.245691] (web_video_server) StderrLine: {'line': b'                 from \x1b[01m\x1b[K/home/jcfurey/wvs_ws/src/web_video_server/include/web_video_server/subscribers/pointcloud2_subscriber.hpp:7\x1b[m\x1b[K:\n'}
[2.245792] (web_video_server) StderrLine: {'line': b'\x1b[01m\x1b[K/opt/ros/jazzy/include/sensor_msgs/sensor_msgs/msg/detail/point_cloud2__struct.hpp:197:5:\x1b[m\x1b[K \x1b[01;36m\x1b[Knote: \x1b[m\x1b[Kdeclared here\n'}
[2.245892] (web_video_server) StderrLine: {'line': b'  197 |     \x1b[01;36m\x1b[KConstPtr\x1b[m\x1b[K;\n'}
[2.245998] (web_video_server) StderrLine: {'line': b'      |     \x1b[01;36m\x1b[K^~~~~~~~\x1b[m\x1b[K\n'}
[2.246091] (web_video_server) StderrLine: {'line': b'\x1b[01m\x1b[K/home/jcfurey/wvs_ws/src/web_video_server/include/web_video_server/subscribers/ros_subscriber.hpp:30:18:\x1b[m\x1b[K \x1b[01;35m\x1b[Kwarning: \x1b[m\x1b[K\xe2\x80\x98\x1b[01m\x1b[Kvirtual void web_video_server::RosSubscriber::\x1b[01;32m\x1b[KsubscriberCallback\x1b[m\x1b[K(const sensor_msgs::msg::Image_<std::allocator<void> >::ConstPtr&)\x1b[m\x1b[K\xe2\x80\x99 was hidden [\x1b[01;35m\x1b[K-Woverloaded-virtual=\x1b[m\x1b[K]\n'}
[2.246187] (web_video_server) StderrLine: {'line': b'   30 |     virtual void \x1b[01;35m\x1b[KsubscriberCallback\x1b[m\x1b[K(const sensor_msgs::msg::Image::ConstPtr &input_msg);\n'}
[2.246283] (web_video_server) StderrLine: {'line': b'      |                  \x1b[01;35m\x1b[K^~~~~~~~~~~~~~~~~~\x1b[m\x1b[K\n'}
[2.246372] (web_video_server) StderrLine: {'line': b'\x1b[01m\x1b[K/home/jcfurey/wvs_ws/src/web_video_server/include/web_video_server/subscribers/pointcloud2_subscriber.hpp:34:10:\x1b[m\x1b[K \x1b[01;36m\x1b[Knote: \x1b[m\x1b[K  by \xe2\x80\x98\x1b[01m\x1b[Kvoid web_video_server::PointCloud2Subscriber::\x1b[01;32m\x1b[KsubscriberCallback\x1b[m\x1b[K(const sensor_msgs::msg::PointCloud2_<std::allocator<void> >::ConstPtr&)\x1b[m\x1b[K\xe2\x80\x99\n'}
[2.246467] (web_video_server) StderrLine: {'line': b'   34 |     void \x1b[01;36m\x1b[KsubscriberCallback\x1b[m\x1b[K(const sensor_msgs::msg::PointCloud2::ConstPtr &input_msg);\n'}
[2.246568] (web_video_server) StderrLine: {'line': b'      |          \x1b[01;36m\x1b[K^~~~~~~~~~~~~~~~~~\x1b[m\x1b[K\n'}
[2.246661] (web_video_server) StderrLine: {'line': b'In file included from \x1b[01m\x1b[K/home/jcfurey/wvs_ws/src/web_video_server/include/web_video_server/image_streamer.hpp:45\x1b[m\x1b[K:\n'}
[2.246757] (web_video_server) StderrLine: {'line': b'\x1b[01m\x1b[K/home/jcfurey/wvs_ws/src/web_video_server/include/web_video_server/subscribers/image_transport_subscriber.hpp:24:79:\x1b[m\x1b[K \x1b[01;35m\x1b[Kwarning: \x1b[m\x1b[K\xe2\x80\x98\x1b[01m\x1b[Ksensor_msgs::msg::Image_<std::allocator<void> >::ConstPtr\x1b[m\x1b[K\xe2\x80\x99 is deprecated [\x1b[01;35m\x1b[K-Wdeprecated-declarations\x1b[m\x1b[K]\n'}
[2.246854] (web_video_server) StderrLine: {'line': b'   24 |     void subscriberCallback(const sensor_msgs::msg::Image::ConstPtr &input_msg\x1b[01;35m\x1b[K)\x1b[m\x1b[K;\n'}
[2.246955] (web_video_server) StderrLine: {'line': b'      |                                                                               \x1b[01;35m\x1b[K^\x1b[m\x1b[K\n'}
[2.247048] (web_video_server) StderrLine: {'line': b'\x1b[01m\x1b[K/opt/ros/jazzy/include/sensor_msgs/sensor_msgs/msg/detail/image__struct.hpp:176:5:\x1b[m\x1b[K \x1b[01;36m\x1b[Knote: \x1b[m\x1b[Kdeclared here\n'}
[2.247141] (web_video_server) StderrLine: {'line': b'  176 |     \x1b[01;36m\x1b[KConstPtr\x1b[m\x1b[K;\n'}
[2.247236] (web_video_server) StderrLine: {'line': b'      |     \x1b[01;36m\x1b[K^~~~~~~~\x1b[m\x1b[K\n'}
[2.247330] (web_video_server) StderrLine: {'line': b'\x1b[01m\x1b[K/home/jcfurey/wvs_ws/src/web_video_server/src/ros_compressed_streamer.cpp:\x1b[m\x1b[K In member function \xe2\x80\x98\x1b[01m\x1b[Kvirtual void web_video_server::RosCompressedStreamer::\x1b[01;32m\x1b[KsendImage\x1b[m\x1b[K(const cv::Mat&, const std::chrono::_V2::steady_clock::time_point&)\x1b[m\x1b[K\xe2\x80\x99:\n'}
[2.247423] (web_video_server) StderrLine: {'line': b'\x1b[01m\x1b[K/home/jcfurey/wvs_ws/src/web_video_server/src/ros_compressed_streamer.cpp:90:55:\x1b[m\x1b[K \x1b[01;35m\x1b[Kwarning: \x1b[m\x1b[Kunused parameter \xe2\x80\x98\x1b[01m\x1b[Kimg\x1b[m\x1b[K\xe2\x80\x99 [\x1b[01;35m\x1b[K-Wunused-parameter\x1b[m\x1b[K]\n'}
[2.247519] (web_video_server) StderrLine: {'line': b'   90 | void RosCompressedStreamer::sendImage(\x1b[01;35m\x1b[Kconst cv::Mat & img\x1b[m\x1b[K, const std::chrono::steady_clock::time_point & time)\n'}
[2.247618] (web_video_server) StderrLine: {'line': b'      |                                       \x1b[01;35m\x1b[K~~~~~~~~~~~~~~~~^~~\x1b[m\x1b[K\n'}
[2.247729] (web_video_server) StderrLine: {'line': b'\x1b[01m\x1b[K/home/jcfurey/wvs_ws/src/web_video_server/src/ros_compressed_streamer.cpp:90:106:\x1b[m\x1b[K \x1b[01;35m\x1b[Kwarning: \x1b[m\x1b[Kunused parameter \xe2\x80\x98\x1b[01m\x1b[Ktime\x1b[m\x1b[K\xe2\x80\x99 [\x1b[01;35m\x1b[K-Wunused-parameter\x1b[m\x1b[K]\n'}
[2.247809] (web_video_server) StderrLine: {'line': b'   90 | void RosCompressedStreamer::sendImage(const cv::Mat & img, \x1b[01;35m\x1b[Kconst std::chrono::steady_clock::time_point & time\x1b[m\x1b[K)\n'}
[2.247892] (web_video_server) StderrLine: {'line': b'      |                                                            \x1b[01;35m\x1b[K~~~~~~~~~~~~~~~~~~~~~~~~~~~~~~~~~~~~~~~~~~~~~~^~~~\x1b[m\x1b[K\n'}
[2.247976] (web_video_server) StderrLine: {'line': b'\x1b[01m\x1b[K/home/jcfurey/wvs_ws/src/web_video_server/src/ros_compressed_streamer.cpp:\x1b[m\x1b[K At global scope:\n'}
[2.248050] (web_video_server) StderrLine: {'line': b'\x1b[01m\x1b[K/home/jcfurey/wvs_ws/src/web_video_server/src/ros_compressed_streamer.cpp:135:56:\x1b[m\x1b[K \x1b[01;35m\x1b[Kwarning: \x1b[m\x1b[K\xe2\x80\x98\x1b[01m\x1b[Ksensor_msgs::msg::CompressedImage_<std::allocator<void> >::ConstPtr\x1b[m\x1b[K\xe2\x80\x99 is deprecated [\x1b[01;35m\x1b[K-Wdeprecated-declarations\x1b[m\x1b[K]\n'}
[2.248137] (web_video_server) StderrLine: {'line': b'  135 |   const sensor_msgs::msg::CompressedImage::ConstPtr msg\x1b[01;35m\x1b[K)\x1b[m\x1b[K\n'}
[2.248211] (web_video_server) StderrLine: {'line': b'      |                                                        \x1b[01;35m\x1b[K^\x1b[m\x1b[K\n'}
[2.248291] (web_video_server) StderrLine: {'line': b'In file included from \x1b[01m\x1b[K/opt/ros/jazzy/include/sensor_msgs/sensor_msgs/msg/compressed_image.hpp:7\x1b[m\x1b[K,\n'}
[2.248404] (web_video_server) StderrLine: {'line': b'                 from \x1b[01m\x1b[K/home/jcfurey/wvs_ws/src/web_video_server/include/web_video_server/ros_compressed_streamer.hpp:36\x1b[m\x1b[K:\n'}
[2.248527] (web_video_server) StderrLine: {'line': b'\x1b[01m\x1b[K/opt/ros/jazzy/include/sensor_msgs/sensor_msgs/msg/detail/compressed_image__struct.hpp:132:5:\x1b[m\x1b[K \x1b[01;36m\x1b[Knote: \x1b[m\x1b[Kdeclared here\n'}
[2.248644] (web_video_server) StderrLine: {'line': b'  132 |     \x1b[01;36m\x1b[KConstPtr\x1b[m\x1b[K;\n'}
[2.248743] (web_video_server) StderrLine: {'line': b'      |     \x1b[01;36m\x1b[K^~~~~~~~\x1b[m\x1b[K\n'}
[2.301891] (-) TimerEvent: {}
[2.402121] (-) TimerEvent: {}
[2.502364] (-) TimerEvent: {}
[2.602592] (-) TimerEvent: {}
[2.702831] (-) TimerEvent: {}
[2.803098] (-) TimerEvent: {}
[2.903325] (-) TimerEvent: {}
[3.003557] (-) TimerEvent: {}
[3.103805] (-) TimerEvent: {}
[3.204064] (-) TimerEvent: {}
[3.304316] (-) TimerEvent: {}
[3.404549] (-) TimerEvent: {}
[3.504776] (-) TimerEvent: {}
[3.605019] (-) TimerEvent: {}
[3.705266] (-) TimerEvent: {}
[3.805520] (-) TimerEvent: {}
[3.905777] (-) TimerEvent: {}
[4.005997] (-) TimerEvent: {}
[4.106216] (-) TimerEvent: {}
[4.206443] (-) TimerEvent: {}
[4.306662] (-) TimerEvent: {}
[4.406882] (-) TimerEvent: {}
[4.507145] (-) TimerEvent: {}
[4.607373] (-) TimerEvent: {}
[4.707601] (-) TimerEvent: {}
[4.807831] (-) TimerEvent: {}
[4.908083] (-) TimerEvent: {}
[5.008321] (-) TimerEvent: {}
[5.108558] (-) TimerEvent: {}
[5.208799] (-) TimerEvent: {}
[5.309106] (-) TimerEvent: {}
[5.409369] (-) TimerEvent: {}
[5.509604] (-) TimerEvent: {}
[5.609858] (-) TimerEvent: {}
[5.710106] (-) TimerEvent: {}
[5.810340] (-) TimerEvent: {}
[5.910571] (-) TimerEvent: {}
[6.010809] (-) TimerEvent: {}
[6.111062] (-) TimerEvent: {}
[6.211297] (-) TimerEvent: {}
[6.311529] (-) TimerEvent: {}
[6.411758] (-) TimerEvent: {}
[6.511992] (-) TimerEvent: {}
[6.612238] (-) TimerEvent: {}
[6.712500] (-) TimerEvent: {}
[6.812760] (-) TimerEvent: {}
[6.913003] (-) TimerEvent: {}
[7.013266] (-) TimerEvent: {}
[7.113536] (-) TimerEvent: {}
[7.213811] (-) TimerEvent: {}
[7.314182] (-) TimerEvent: {}
[7.414433] (-) TimerEvent: {}
[7.514676] (-) TimerEvent: {}
[7.614914] (-) TimerEvent: {}
[7.715177] (-) TimerEvent: {}
[7.815436] (-) TimerEvent: {}
[7.915681] (-) TimerEvent: {}
[8.015939] (-) TimerEvent: {}
[8.116219] (-) TimerEvent: {}
[8.216479] (-) TimerEvent: {}
[8.316736] (-) TimerEvent: {}
[8.416996] (-) TimerEvent: {}
[8.517247] (-) TimerEvent: {}
[8.617504] (-) TimerEvent: {}
[8.717765] (-) TimerEvent: {}
[8.818019] (-) TimerEvent: {}
[8.918277] (-) TimerEvent: {}
[9.018533] (-) TimerEvent: {}
[9.118796] (-) TimerEvent: {}
[9.219071] (-) TimerEvent: {}
[9.319306] (-) TimerEvent: {}
[9.419534] (-) TimerEvent: {}
[9.519784] (-) TimerEvent: {}
[9.620020] (-) TimerEvent: {}
[9.720251] (-) TimerEvent: {}
[9.820488] (-) TimerEvent: {}
[9.920725] (-) TimerEvent: {}
[10.020989] (-) TimerEvent: {}
[10.121250] (-) TimerEvent: {}
[10.221521] (-) TimerEvent: {}
[10.321789] (-) TimerEvent: {}
[10.422054] (-) TimerEvent: {}
[10.522331] (-) TimerEvent: {}
[10.622594] (-) TimerEvent: {}
[10.722853] (-) TimerEvent: {}
[10.823136] (-) TimerEvent: {}
[10.923402] (-) TimerEvent: {}
[11.023660] (-) TimerEvent: {}
[11.123888] (-) TimerEvent: {}
[11.224150] (-) TimerEvent: {}
[11.324395] (-) TimerEvent: {}
[11.424655] (-) TimerEvent: {}
[11.524916] (-) TimerEvent: {}
[11.625194] (-) TimerEvent: {}
[11.725457] (-) TimerEvent: {}
[11.825724] (-) TimerEvent: {}
[11.926005] (-) TimerEvent: {}
[11.961738] (web_video_server) StderrLine: {'line': b'In file included from \x1b[01m\x1b[K/home/jcfurey/wvs_ws/src/web_video_server/include/web_video_server/subscribers/pointcloud2_subscriber.hpp:18\x1b[m\x1b[K,\n'}
[11.962052] (web_video_server) StderrLine: {'line': b'                 from \x1b[01m\x1b[K/home/jcfurey/wvs_ws/src/web_video_server/src/subscribers/pointcloud2_subscriber.cpp:3\x1b[m\x1b[K:\n'}
[11.962129] (web_video_server) StderrLine: {'line': b'\x1b[01m\x1b[K/home/jcfurey/wvs_ws/src/web_video_server/include/web_video_server/subscribers/ros_subscriber.hpp:16:70:\x1b[m\x1b[K \x1b[01;35m\x1b[Kwarning: \x1b[m\x1b[K\xe2\x80\x98\x1b[01m\x1b[Ksensor_msgs::msg::Image_<std::allocator<void> >::ConstPtr\x1b[m\x1b[K\xe2\x80\x99 is deprecated [\x1b[01;35m\x1b[K-Wdeprecated-declarations\x1b[m\x1b[K]\n'}
[11.962212] (web_video_server) StderrLine: {'line': b'   16 |   typedef std::function<void(const sensor_msgs::msg::Image::ConstPtr&\x1b[01;35m\x1b[K)\x1b[m\x1b[K> ImageCallback;\n'}
[11.962284] (web_video_server) StderrLine: {'line': b'      |                                                                      \x1b[01;35m\x1b[K^\x1b[m\x1b[K\n'}
[11.962354] (web_video_server) StderrLine: {'line': b'In file included from \x1b[01m\x1b[K/opt/ros/jazzy/include/sensor_msgs/sensor_msgs/msg/image.hpp:7\x1b[m\x1b[K,\n'}
[11.962424] (web_video_server) StderrLine: {'line': b'                 from \x1b[01m\x1b[K/home/jcfurey/wvs_ws/src/web_video_server/include/web_video_server/subscribers/pointcloud2_subscriber.hpp:5\x1b[m\x1b[K:\n'}
[11.962500] (web_video_server) StderrLine: {'line': b'\x1b[01m\x1b[K/opt/ros/jazzy/include/sensor_msgs/sensor_msgs/msg/detail/image__struct.hpp:176:5:\x1b[m\x1b[K \x1b[01;36m\x1b[Knote: \x1b[m\x1b[Kdeclared here\n'}
[11.962569] (web_video_server) StderrLine: {'line': b'  176 |     \x1b[01;36m\x1b[KConstPtr\x1b[m\x1b[K;\n'}
[11.962637] (web_video_server) StderrLine: {'line': b'      |     \x1b[01;36m\x1b[K^~~~~~~~\x1b[m\x1b[K\n'}
[11.962705] (web_video_server) StderrLine: {'line': b'\x1b[01m\x1b[K/home/jcfurey/wvs_ws/src/web_video_server/include/web_video_server/subscribers/ros_subscriber.hpp:30:87:\x1b[m\x1b[K \x1b[01;35m\x1b[Kwarning: \x1b[m\x1b[K\xe2\x80\x98\x1b[01m\x1b[Ksensor_msgs::msg::Image_<std::allocator<void> >::ConstPtr\x1b[m\x1b[K\xe2\x80\x99 is deprecated [\x1b[01;35m\x1b[K-Wdeprecated-declarations\x1b[m\x1b[K]\n'}
[11.962776] (web_video_server) StderrLine: {'line': b'   30 |     virtual void subscriberCallback(const sensor_msgs::msg::Image::ConstPtr &input_msg\x1b[01;35m\x1b[K)\x1b[m\x1b[K;\n'}
[11.962845] (web_video_server) StderrLine: {'line': b'      |                                                                                       \x1b[01;35m\x1b[K^\x1b[m\x1b[K\n'}
[11.962914] (web_video_server) StderrLine: {'line': b'\x1b[01m\x1b[K/opt/ros/jazzy/include/sensor_msgs/sensor_msgs/msg/detail/image__struct.hpp:176:5:\x1b[m\x1b[K \x1b[01;36m\x1b[Knote: \x1b[m\x1b[Kdeclared here\n'}
[11.962994] (web_video_server) StderrLine: {'line': b'  176 |     \x1b[01;36m\x1b[KConstPtr\x1b[m\x1b[K;\n'}
[11.963063] (web_video_server) StderrLine: {'line': b'      |     \x1b[01;36m\x1b[K^~~~~~~~\x1b[m\x1b[K\n'}
[11.963132] (web_video_server) StderrLine: {'line': b'\x1b[01m\x1b[K/home/jcfurey/wvs_ws/src/web_video_server/include/web_video_server/subscribers/pointcloud2_subscriber.hpp:34:85:\x1b[m\x1b[K \x1b[01;35m\x1b[Kwarning: \x1b[m\x1b[K\xe2\x80\x98\x1b[01m\x1b[Ksensor_msgs::msg::PointCloud2_<std::allocator<void> >::ConstPtr\x1b[m\x1b[K\xe2\x80\x99 is deprecated [\x1b[01;35m\x1b[K-Wdeprecated-declarations\x1b[m\x1b[K]\n'}
[11.963214] (web_video_server) StderrLine: {'line': b'   34 |     void subscriberCallback(const sensor_msgs::msg::PointCloud2::ConstPtr &input_msg\x1b[01;35m\x1b[K)\x1b[m\x1b[K;\n'}
[11.963284] (web_video_server) StderrLine: {'line': b'      |                                                                                     \x1b[01;35m\x1b[K^\x1b[m\x1b[K\n'}
[11.963352] (web_video_server) StderrLine: {'line': b'In file included from \x1b[01m\x1b[K/opt/ros/jazzy/include/sensor_msgs/sensor_msgs/msg/point_cloud2.hpp:7\x1b[m\x1b[K,\n'}
[11.963420] (web_video_server) StderrLine: {'line': b'                 from \x1b[01m\x1b[K/home/jcfurey/wvs_ws/src/web_video_server/include/web_video_server/subscribers/pointcloud2_subscriber.hpp:7\x1b[m\x1b[K:\n'}
[11.963489] (web_video_server) StderrLine: {'line': b'\x1b[01m\x1b[K/opt/ros/jazzy/include/sensor_msgs/sensor_msgs/msg/detail/point_cloud2__struct.hpp:197:5:\x1b[m\x1b[K \x1b[01;36m\x1b[Knote: \x1b[m\x1b[Kdeclared here\n'}
[11.963558] (web_video_server) StderrLine: {'line': b'  197 |     \x1b[01;36m\x1b[KConstPtr\x1b[m\x1b[K;\n'}
[11.963625] (web_video_server) StderrLine: {'line': b'      |     \x1b[01;36m\x1b[K^~~~~~~~\x1b[m\x1b[K\n'}
[11.963690] (web_video_server) StderrLine: {'line': b'\x1b[01m\x1b[K/home/jcfurey/wvs_ws/src/web_video_server/include/web_video_server/subscribers/ros_subscriber.hpp:30:18:\x1b[m\x1b[K \x1b[01;35m\x1b[Kwarning: \x1b[m\x1b[K\xe2\x80\x98\x1b[01m\x1b[Kvirtual void web_video_server::RosSubscriber::\x1b[01;32m\x1b[KsubscriberCallback\x1b[m\x1b[K(const sensor_msgs::msg::Image_<std::allocator<void> >::ConstPtr&)\x1b[m\x1b[K\xe2\x80\x99 was hidden [\x1b[01;35m\x1b[K-Woverloaded-virtual=\x1b[m\x1b[K]\n'}
[11.963763] (web_video_server) StderrLine: {'line': b'   30 |     virtual void \x1b[01;35m\x1b[KsubscriberCallback\x1b[m\x1b[K(const sensor_msgs::msg::Image::ConstPtr &input_msg);\n'}
[11.963832] (web_video_server) StderrLine: {'line': b'      |                  \x1b[01;35m\x1b[K^~~~~~~~~~~~~~~~~~\x1b[m\x1b[K\n'}
[11.963897] (web_video_server) StderrLine: {'line': b'\x1b[01m\x1b[K/home/jcfurey/wvs_ws/src/web_video_server/include/web_video_server/subscribers/pointcloud2_subscriber.hpp:34:10:\x1b[m\x1b[K \x1b[01;36m\x1b[Knote: \x1b[m\x1b[K  by \xe2\x80\x98\x1b[01m\x1b[Kvoid web_video_server::PointCloud2Subscriber::\x1b[01;32m\x1b[KsubscriberCallback\x1b[m\x1b[K(const sensor_msgs::msg::PointCloud2_<std::allocator<void> >::ConstPtr&)\x1b[m\x1b[K\xe2\x80\x99\n'}
[11.963973] (web_video_server) StderrLine: {'line': b'   34 |     void \x1b[01;36m\x1b[KsubscriberCallback\x1b[m\x1b[K(const sensor_msgs::msg::PointCloud2::ConstPtr &input_msg);\n'}
[11.964043] (web_video_server) StderrLine: {'line': b'      |          \x1b[01;36m\x1b[K^~~~~~~~~~~~~~~~~~\x1b[m\x1b[K\n'}
[11.964111] (web_video_server) StderrLine: {'line': b'\x1b[01m\x1b[K/home/jcfurey/wvs_ws/src/web_video_server/src/subscribers/pointcloud2_subscriber.cpp:73:104:\x1b[m\x1b[K \x1b[01;35m\x1b[Kwarning: \x1b[m\x1b[K\xe2\x80\x98\x1b[01m\x1b[Ksensor_msgs::msg::PointCloud2_<std::allocator<void> >::ConstPtr\x1b[m\x1b[K\xe2\x80\x99 is deprecated [\x1b[01;35m\x1b[K-Wdeprecated-declarations\x1b[m\x1b[K]\n'}
[11.964186] (web_video_server) StderrLine: {'line': b'   73 | void PointCloud2Subscriber::subscriberCallback(const sensor_msgs::msg::PointCloud2::ConstPtr &input_msg\x1b[01;35m\x1b[K)\x1b[m\x1b[K\n'}
[11.964256] (web_video_server) StderrLine: {'line': b'      |                                                                                                        \x1b[01;35m\x1b[K^\x1b[m\x1b[K\n'}
[11.964324] (web_video_server) StderrLine: {'line': b'\x1b[01m\x1b[K/opt/ros/jazzy/include/sensor_msgs/sensor_msgs/msg/detail/point_cloud2__struct.hpp:197:5:\x1b[m\x1b[K \x1b[01;36m\x1b[Knote: \x1b[m\x1b[Kdeclared here\n'}
[11.964397] (web_video_server) StderrLine: {'line': b'  197 |     \x1b[01;36m\x1b[KConstPtr\x1b[m\x1b[K;\n'}
[11.964467] (web_video_server) StderrLine: {'line': b'      |     \x1b[01;36m\x1b[K^~~~~~~~\x1b[m\x1b[K\n'}
[11.964535] (web_video_server) StderrLine: {'line': b'\x1b[01m\x1b[K/home/jcfurey/wvs_ws/src/web_video_server/src/subscribers/pointcloud2_subscriber.cpp:\x1b[m\x1b[K In member function \xe2\x80\x98\x1b[01m\x1b[Kvoid web_video_server::PointCloud2Subscriber::\x1b[01;32m\x1b[KsubscriberCallback\x1b[m\x1b[K(const sensor_msgs::msg::PointCloud2_<std::allocator<void> >::ConstPtr&)\x1b[m\x1b[K\xe2\x80\x99:\n'}
[11.964605] (web_video_server) StderrLine: {'line': b'\x1b[01m\x1b[K/home/jcfurey/wvs_ws/src/web_video_server/src/subscribers/pointcloud2_subscriber.cpp:708:15:\x1b[m\x1b[K \x1b[01;31m\x1b[Kerror: \x1b[m\x1b[K\xe2\x80\x98\x1b[01m\x1b[Kneed_endian_swap\x1b[m\x1b[K\xe2\x80\x99 was not declared in this scope\n'}
[11.964680] (web_video_server) StderrLine: {'line': b'  708 |           if (\x1b[01;31m\x1b[Kneed_endian_swap\x1b[m\x1b[K) intensity_value = swap_endian(intensity_value);\n'}
[11.964750] (web_video_server) StderrLine: {'line': b'      |               \x1b[01;31m\x1b[K^~~~~~~~~~~~~~~~\x1b[m\x1b[K\n'}
[11.964819] (web_video_server) StderrLine: {'line': b'\x1b[01m\x1b[K/home/jcfurey/wvs_ws/src/web_video_server/src/subscribers/pointcloud2_subscriber.cpp:708:51:\x1b[m\x1b[K \x1b[01;31m\x1b[Kerror: \x1b[m\x1b[K\xe2\x80\x98\x1b[01m\x1b[Kswap_endian\x1b[m\x1b[K\xe2\x80\x99 was not declared in this scope; did you mean \xe2\x80\x98\x1b[01m\x1b[Ktf2SwapEndian\x1b[m\x1b[K\xe2\x80\x99?\n'}
[11.964889] (web_video_server) StderrLine: {'line': b'  708 |           if (need_endian_swap) intensity_value = \x1b[01;31m\x1b[Kswap_endian\x1b[m\x1b[K(intensity_value);\n'}
[11.964972] (web_video_server) StderrLine: {'line': b'      |                                                   \x1b[01;31m\x1b[K^~~~~~~~~~~\x1b[m\x1b[K\n'}
[11.965044] (web_video_server) StderrLine: {'line': b'      |                                                   \x1b[32m\x1b[Ktf2SwapEndian\x1b[m\x1b[K\n'}
[11.965113] (web_video_server) StderrLine: {'line': b'\x1b[01m\x1b[K/home/jcfurey/wvs_ws/src/web_video_server/src/subscribers/pointcloud2_subscriber.cpp:714:15:\x1b[m\x1b[K \x1b[01;31m\x1b[Kerror: \x1b[m\x1b[K\xe2\x80\x98\x1b[01m\x1b[Kneed_endian_swap\x1b[m\x1b[K\xe2\x80\x99 was not declared in this scope\n'}
[11.965187] (web_video_server) StderrLine: {'line': b'  714 |           if (\x1b[01;31m\x1b[Kneed_endian_swap\x1b[m\x1b[K) intensity_value = swap_endian(intensity_value);\n'}
[11.965256] (web_video_server) StderrLine: {'line': b'      |               \x1b[01;31m\x1b[K^~~~~~~~~~~~~~~~\x1b[m\x1b[K\n'}
[11.965325] (web_video_server) StderrLine: {'line': b'\x1b[01m\x1b[K/home/jcfurey/wvs_ws/src/web_video_server/src/subscribers/pointcloud2_subscriber.cpp:714:51:\x1b[m\x1b[K \x1b[01;31m\x1b[Kerror: \x1b[m\x1b[K\xe2\x80\x98\x1b[01m\x1b[Kswap_endian\x1b[m\x1b[K\xe2\x80\x99 was not declared in this scope; did you mean \xe2\x80\x98\x1b[01m\x1b[Ktf2SwapEndian\x1b[m\x1b[K\xe2\x80\x99?\n'}
[11.965395] (web_video_server) StderrLine: {'line': b'  714 |           if (need_endian_swap) intensity_value = \x1b[01;31m\x1b[Kswap_endian\x1b[m\x1b[K(intensity_value);\n'}
[11.965465] (web_video_server) StderrLine: {'line': b'      |                                                   \x1b[01;31m\x1b[K^~~~~~~~~~~\x1b[m\x1b[K\n'}
[11.965533] (web_video_server) StderrLine: {'line': b'      |                                                   \x1b[32m\x1b[Ktf2SwapEndian\x1b[m\x1b[K\n'}
[11.965633] (web_video_server) StderrLine: {'line': b'\x1b[01m\x1b[K/home/jcfurey/wvs_ws/src/web_video_server/src/subscribers/pointcloud2_subscriber.cpp:720:15:\x1b[m\x1b[K \x1b[01;31m\x1b[Kerror: \x1b[m\x1b[K\xe2\x80\x98\x1b[01m\x1b[Kneed_endian_swap\x1b[m\x1b[K\xe2\x80\x99 was not declared in this scope\n'}
[11.965706] (web_video_server) StderrLine: {'line': b'  720 |           if (\x1b[01;31m\x1b[Kneed_endian_swap\x1b[m\x1b[K) intensity_value = swap_endian(intensity_value);\n'}
[11.965777] (web_video_server) StderrLine: {'line': b'      |               \x1b[01;31m\x1b[K^~~~~~~~~~~~~~~~\x1b[m\x1b[K\n'}
[11.965852] (web_video_server) StderrLine: {'line': b'\x1b[01m\x1b[K/home/jcfurey/wvs_ws/src/web_video_server/src/subscribers/pointcloud2_subscriber.cpp:720:51:\x1b[m\x1b[K \x1b[01;31m\x1b[Kerror: \x1b[m\x1b[K\xe2\x80\x98\x1b[01m\x1b[Kswap_endian\x1b[m\x1b[K\xe2\x80\x99 was not declared in this scope; did you mean \xe2\x80\x98\x1b[01m\x1b[Ktf2SwapEndian\x1b[m\x1b[K\xe2\x80\x99?\n'}
[11.965923] (web_video_server) StderrLine: {'line': b'  720 |           if (need_endian_swap) intensity_value = \x1b[01;31m\x1b[Kswap_endian\x1b[m\x1b[K(intensity_value);\n'}
[11.966009] (web_video_server) StderrLine: {'line': b'      |                                                   \x1b[01;31m\x1b[K^~~~~~~~~~~\x1b[m\x1b[K\n'}
[11.966106] (web_video_server) StderrLine: {'line': b'      |                                                   \x1b[32m\x1b[Ktf2SwapEndian\x1b[m\x1b[K\n'}
[11.966178] (web_video_server) StderrLine: {'line': b'\x1b[01m\x1b[K/home/jcfurey/wvs_ws/src/web_video_server/src/subscribers/pointcloud2_subscriber.cpp:776:39:\x1b[m\x1b[K \x1b[01;35m\x1b[Kwarning: \x1b[m\x1b[K\xe2\x80\x98\x1b[01m\x1b[Ksensor_msgs::msg::Image_<std::allocator<void> >::ConstPtr\x1b[m\x1b[K\xe2\x80\x99 is deprecated [\x1b[01;35m\x1b[K-Wdeprecated-declarations\x1b[m\x1b[K]\n'}
[11.966252] (web_video_server) StderrLine: {'line': b'  776 |     sensor_msgs::msg::Image::ConstPtr \x1b[01;35m\x1b[Koutput_ptr\x1b[m\x1b[K = std::make_shared<sensor_msgs::msg::Image>(output_msg);\n'}
[11.966323] (web_video_server) StderrLine: {'line': b'      |                                       \x1b[01;35m\x1b[K^~~~~~~~~~\x1b[m\x1b[K\n'}
[11.966423] (web_video_server) StderrLine: {'line': b'\x1b[01m\x1b[K/opt/ros/jazzy/include/sensor_msgs/sensor_msgs/msg/detail/image__struct.hpp:176:5:\x1b[m\x1b[K \x1b[01;36m\x1b[Knote: \x1b[m\x1b[Kdeclared here\n'}
[11.966495] (web_video_server) StderrLine: {'line': b'  176 |     \x1b[01;36m\x1b[KConstPtr\x1b[m\x1b[K;\n'}
[11.966565] (web_video_server) StderrLine: {'line': b'      |     \x1b[01;36m\x1b[K^~~~~~~~\x1b[m\x1b[K\n'}
[11.966637] (web_video_server) StderrLine: {'line': b'\x1b[01m\x1b[K/home/jcfurey/wvs_ws/src/web_video_server/src/subscribers/pointcloud2_subscriber.cpp:833:21:\x1b[m\x1b[K \x1b[01;35m\x1b[Kwarning: \x1b[m\x1b[Kunused variable \xe2\x80\x98\x1b[01m\x1b[Kdisplay_value\x1b[m\x1b[K\xe2\x80\x99 [\x1b[01;35m\x1b[K-Wunused-variable\x1b[m\x1b[K]\n'}
[11.966709] (web_video_server) StderrLine: {'line': b'  833 |             uint8_t \x1b[01;35m\x1b[Kdisplay_value\x1b[m\x1b[K = 128; // Default gray value\n'}
[11.966780] (web_video_server) StderrLine: {'line': b'      |                     \x1b[01;35m\x1b[K^~~~~~~~~~~~~\x1b[m\x1b[K\n'}
[11.966852] (web_video_server) StderrLine: {'line': b'\x1b[01m\x1b[K/home/jcfurey/wvs_ws/src/web_video_server/src/subscribers/pointcloud2_subscriber.cpp:884:41:\x1b[m\x1b[K \x1b[01;35m\x1b[Kwarning: \x1b[m\x1b[K\xe2\x80\x98\x1b[01m\x1b[Ksensor_msgs::msg::Image_<std::allocator<void> >::ConstPtr\x1b[m\x1b[K\xe2\x80\x99 is deprecated [\x1b[01;35m\x1b[K-Wdeprecated-declarations\x1b[m\x1b[K]\n'}
[11.966925] (web_video_server) StderrLine: {'line': b'  884 |       sensor_msgs::msg::Image::ConstPtr \x1b[01;35m\x1b[Koutput_ptr\x1b[m\x1b[K = std::make_shared<sensor_msgs::msg::Image>(output_msg);\n'}
[11.967010] (web_video_server) StderrLine: {'line': b'      |                                         \x1b[01;35m\x1b[K^~~~~~~~~~\x1b[m\x1b[K\n'}
[11.967088] (web_video_server) StderrLine: {'line': b'\x1b[01m\x1b[K/opt/ros/jazzy/include/sensor_msgs/sensor_msgs/msg/detail/image__struct.hpp:176:5:\x1b[m\x1b[K \x1b[01;36m\x1b[Knote: \x1b[m\x1b[Kdeclared here\n'}
[11.967160] (web_video_server) StderrLine: {'line': b'  176 |     \x1b[01;36m\x1b[KConstPtr\x1b[m\x1b[K;\n'}
[11.967232] (web_video_server) StderrLine: {'line': b'      |     \x1b[01;36m\x1b[K^~~~~~~~\x1b[m\x1b[K\n'}
[11.967303] (web_video_server) StderrLine: {'line': b'\x1b[01m\x1b[K/home/jcfurey/wvs_ws/src/web_video_server/src/subscribers/pointcloud2_subscriber.cpp:899:37:\x1b[m\x1b[K \x1b[01;35m\x1b[Kwarning: \x1b[m\x1b[K\xe2\x80\x98\x1b[01m\x1b[Ksensor_msgs::msg::Image_<std::allocator<void> >::ConstPtr\x1b[m\x1b[K\xe2\x80\x99 is deprecated [\x1b[01;35m\x1b[K-Wdeprecated-declarations\x1b[m\x1b[K]\n'}
[11.967382] (web_video_server) StderrLine: {'line': b'  899 |   sensor_msgs::msg::Image::ConstPtr \x1b[01;35m\x1b[Koutput_ptr\x1b[m\x1b[K = std::make_shared<sensor_msgs::msg::Image>(output_msg);\n'}
[11.967459] (web_video_server) StderrLine: {'line': b'      |                                     \x1b[01;35m\x1b[K^~~~~~~~~~\x1b[m\x1b[K\n'}
[11.967530] (web_video_server) StderrLine: {'line': b'\x1b[01m\x1b[K/opt/ros/jazzy/include/sensor_msgs/sensor_msgs/msg/detail/image__struct.hpp:176:5:\x1b[m\x1b[K \x1b[01;36m\x1b[Knote: \x1b[m\x1b[Kdeclared here\n'}
[11.967602] (web_video_server) StderrLine: {'line': b'  176 |     \x1b[01;36m\x1b[KConstPtr\x1b[m\x1b[K;\n'}
[11.967669] (web_video_server) StderrLine: {'line': b'      |     \x1b[01;36m\x1b[K^~~~~~~~\x1b[m\x1b[K\n'}
[11.967739] (web_video_server) StderrLine: {'line': b'\x1b[01m\x1b[K/home/jcfurey/wvs_ws/src/web_video_server/src/subscribers/pointcloud2_subscriber.cpp:905:48:\x1b[m\x1b[K \x1b[01;31m\x1b[Kerror: \x1b[m\x1b[Kqualified-id in declaration before \xe2\x80\x98\x1b[01m\x1b[K(\x1b[m\x1b[K\xe2\x80\x99 token\n'}
[11.967811] (web_video_server) StderrLine: {'line': b'  905 | bool PointCloud2Subscriber::compareFieldsOffset\x1b[01;31m\x1b[K(\x1b[m\x1b[Ksensor_msgs::msg::PointField& field1, sensor_msgs::msg::PointField& field2)\n'}
[11.967883] (web_video_server) StderrLine: {'line': b'      |                                                \x1b[01;31m\x1b[K^\x1b[m\x1b[K\n'}
[11.967961] (web_video_server) StderrLine: {'line': b'\x1b[01m\x1b[K/home/jcfurey/wvs_ws/src/web_video_server/src/subscribers/pointcloud2_subscriber.cpp:911:1:\x1b[m\x1b[K \x1b[01;31m\x1b[Kerror: \x1b[m\x1b[Ka function-definition is not allowed here before \xe2\x80\x98\x1b[01m\x1b[K{\x1b[m\x1b[K\xe2\x80\x99 token\n'}
[11.968033] (web_video_server) StderrLine: {'line': b'  911 | \x1b[01;31m\x1b[K{\x1b[m\x1b[K\n'}
[11.968102] (web_video_server) StderrLine: {'line': b'      | \x1b[01;31m\x1b[K^\x1b[m\x1b[K\n'}
[11.968170] (web_video_server) StderrLine: {'line': b'\x1b[01m\x1b[K/home/jcfurey/wvs_ws/src/web_video_server/src/subscribers/pointcloud2_subscriber.cpp:929:76:\x1b[m\x1b[K \x1b[01;31m\x1b[Kerror: \x1b[m\x1b[Kqualified-id in declaration before \xe2\x80\x98\x1b[01m\x1b[K(\x1b[m\x1b[K\xe2\x80\x99 token\n'}
[11.968241] (web_video_server) StderrLine: {'line': b'  929 | std::shared_ptr<RosSubscriber> PointCloud2SubscriberType::create_subscriber\x1b[01;31m\x1b[K(\x1b[m\x1b[Krclcpp::Node::SharedPtr node)\n'}
[11.968312] (web_video_server) StderrLine: {'line': b'      |                                                                            \x1b[01;31m\x1b[K^\x1b[m\x1b[K\n'}
[11.968381] (web_video_server) StderrLine: {'line': b'\x1b[01m\x1b[K/home/jcfurey/wvs_ws/src/web_video_server/src/subscribers/pointcloud2_subscriber.cpp:\x1b[m\x1b[K At global scope:\n'}
[11.968534] (web_video_server) StderrLine: {'line': b'\x1b[01m\x1b[K/home/jcfurey/wvs_ws/src/web_video_server/src/subscribers/pointcloud2_subscriber.cpp:935:2:\x1b[m\x1b[K \x1b[01;31m\x1b[Kerror: \x1b[m\x1b[Kexpected \xe2\x80\x98\x1b[01m\x1b[K}\x1b[m\x1b[K\xe2\x80\x99 at end of input\n'}
[11.968688] (web_video_server) StderrLine: {'line': b'  935 | }\n'}
[11.969005] (web_video_server) StderrLine: {'line': b'      |  \x1b[01;31m\x1b[K^\x1b[m\x1b[K\n'}
[11.969373] (web_video_server) StderrLine: {'line': b'\x1b[01m\x1b[K/home/jcfurey/wvs_ws/src/web_video_server/src/subscribers/pointcloud2_subscriber.cpp:14:1:\x1b[m\x1b[K \x1b[01;36m\x1b[Knote: \x1b[m\x1b[Kto match this \xe2\x80\x98\x1b[01m\x1b[K{\x1b[m\x1b[K\xe2\x80\x99\n'}
[11.969581] (web_video_server) StderrLine: {'line': b'   14 | \x1b[01;36m\x1b[K{\x1b[m\x1b[K\n'}
[11.970049] (web_video_server) StderrLine: {'line': b'      | \x1b[01;36m\x1b[K^\x1b[m\x1b[K\n'}
[11.970192] (web_video_server) StderrLine: {'line': b'gmake[2]: *** [CMakeFiles/web_video_server.dir/build.make:258: CMakeFiles/web_video_server.dir/src/subscribers/pointcloud2_subscriber.cpp.o] Error 1\n'}
[11.970363] (web_video_server) StderrLine: {'line': b'gmake[1]: *** [CMakeFiles/Makefile2:139: CMakeFiles/web_video_server.dir/all] Error 2\n'}
[11.970532] (web_video_server) StderrLine: {'line': b'gmake: *** [Makefile:146: all] Error 2\n'}
[11.970804] (web_video_server) CommandEnded: {'returncode': 2}
[11.975712] (web_video_server) JobEnded: {'identifier': 'web_video_server', 'rc': 2}
[11.986192] (-) EventReactorShutdown: {}
